/home/sda/dataset/UCMerced_LandUse/images/agricultural/agricultural89.tif,0
/home/sda/dataset/UCMerced_LandUse/images/agricultural/agricultural35.tif,0
/home/sda/dataset/UCMerced_LandUse/images/agricultural/agricultural55.tif,0
/home/sda/dataset/UCMerced_LandUse/images/agricultural/agricultural00.tif,0
/home/sda/dataset/UCMerced_LandUse/images/agricultural/agricultural92.tif,0
/home/sda/dataset/UCMerced_LandUse/images/agricultural/agricultural57.tif,0
/home/sda/dataset/UCMerced_LandUse/images/agricultural/agricultural64.tif,0
/home/sda/dataset/UCMerced_LandUse/images/agricultural/agricultural70.tif,12
/home/sda/dataset/UCMerced_LandUse/images/agricultural/agricultural40.tif,0
/home/sda/dataset/UCMerced_LandUse/images/agricultural/agricultural59.tif,0
/home/sda/dataset/UCMerced_LandUse/images/agricultural/agricultural41.tif,0
/home/sda/dataset/UCMerced_LandUse/images/agricultural/agricultural21.tif,0
/home/sda/dataset/UCMerced_LandUse/images/agricultural/agricultural42.tif,0
/home/sda/dataset/UCMerced_LandUse/images/agricultural/agricultural61.tif,0
/home/sda/dataset/UCMerced_LandUse/images/agricultural/agricultural01.tif,12
/home/sda/dataset/UCMerced_LandUse/images/agricultural/agricultural76.tif,0
/home/sda/dataset/UCMerced_LandUse/images/agricultural/agricultural97.tif,0
/home/sda/dataset/UCMerced_LandUse/images/agricultural/agricultural91.tif,0
/home/sda/dataset/UCMerced_LandUse/images/agricultural/agricultural12.tif,0
/home/sda/dataset/UCMerced_LandUse/images/agricultural/agricultural45.tif,0
/home/sda/dataset/UCMerced_LandUse/images/agricultural/agricultural23.tif,0
/home/sda/dataset/UCMerced_LandUse/images/agricultural/agricultural16.tif,0
/home/sda/dataset/UCMerced_LandUse/images/agricultural/agricultural14.tif,0
/home/sda/dataset/UCMerced_LandUse/images/agricultural/agricultural33.tif,0
/home/sda/dataset/UCMerced_LandUse/images/agricultural/agricultural96.tif,0
/home/sda/dataset/UCMerced_LandUse/images/agricultural/agricultural09.tif,0
/home/sda/dataset/UCMerced_LandUse/images/agricultural/agricultural58.tif,0
/home/sda/dataset/UCMerced_LandUse/images/agricultural/agricultural84.tif,0
/home/sda/dataset/UCMerced_LandUse/images/agricultural/agricultural63.tif,0
/home/sda/dataset/UCMerced_LandUse/images/agricultural/agricultural53.tif,0
/home/sda/dataset/UCMerced_LandUse/images/agricultural/agricultural68.tif,0
/home/sda/dataset/UCMerced_LandUse/images/agricultural/agricultural54.tif,7
/home/sda/dataset/UCMerced_LandUse/images/agricultural/agricultural07.tif,19
/home/sda/dataset/UCMerced_LandUse/images/agricultural/agricultural11.tif,0
/home/sda/dataset/UCMerced_LandUse/images/agricultural/agricultural39.tif,0
/home/sda/dataset/UCMerced_LandUse/images/agricultural/agricultural62.tif,0
/home/sda/dataset/UCMerced_LandUse/images/agricultural/agricultural50.tif,0
/home/sda/dataset/UCMerced_LandUse/images/agricultural/agricultural22.tif,0
/home/sda/dataset/UCMerced_LandUse/images/agricultural/agricultural78.tif,0
/home/sda/dataset/UCMerced_LandUse/images/agricultural/agricultural13.tif,0
/home/sda/dataset/UCMerced_LandUse/images/agricultural/agricultural52.tif,0
/home/sda/dataset/UCMerced_LandUse/images/agricultural/agricultural26.tif,19
/home/sda/dataset/UCMerced_LandUse/images/agricultural/agricultural83.tif,0
/home/sda/dataset/UCMerced_LandUse/images/agricultural/agricultural90.tif,0
/home/sda/dataset/UCMerced_LandUse/images/agricultural/agricultural25.tif,0
/home/sda/dataset/UCMerced_LandUse/images/agricultural/agricultural31.tif,0
/home/sda/dataset/UCMerced_LandUse/images/agricultural/agricultural46.tif,0
/home/sda/dataset/UCMerced_LandUse/images/agricultural/agricultural94.tif,0
/home/sda/dataset/UCMerced_LandUse/images/agricultural/agricultural27.tif,0
/home/sda/dataset/UCMerced_LandUse/images/agricultural/agricultural38.tif,0
/home/sda/dataset/UCMerced_LandUse/images/agricultural/agricultural77.tif,0
/home/sda/dataset/UCMerced_LandUse/images/agricultural/agricultural34.tif,0
/home/sda/dataset/UCMerced_LandUse/images/agricultural/agricultural66.tif,0
/home/sda/dataset/UCMerced_LandUse/images/agricultural/agricultural51.tif,0
/home/sda/dataset/UCMerced_LandUse/images/agricultural/agricultural29.tif,0
/home/sda/dataset/UCMerced_LandUse/images/agricultural/agricultural43.tif,0
/home/sda/dataset/UCMerced_LandUse/images/agricultural/agricultural32.tif,0
/home/sda/dataset/UCMerced_LandUse/images/agricultural/agricultural47.tif,0
/home/sda/dataset/UCMerced_LandUse/images/agricultural/agricultural18.tif,0
/home/sda/dataset/UCMerced_LandUse/images/agricultural/agricultural72.tif,0
/home/sda/dataset/UCMerced_LandUse/images/agricultural/agricultural37.tif,0
/home/sda/dataset/UCMerced_LandUse/images/agricultural/agricultural79.tif,18
/home/sda/dataset/UCMerced_LandUse/images/agricultural/agricultural36.tif,0
/home/sda/dataset/UCMerced_LandUse/images/agricultural/agricultural69.tif,0
/home/sda/dataset/UCMerced_LandUse/images/airplane/airplane65.tif,4
/home/sda/dataset/UCMerced_LandUse/images/airplane/airplane50.tif,13
/home/sda/dataset/UCMerced_LandUse/images/airplane/airplane46.tif,1
/home/sda/dataset/UCMerced_LandUse/images/airplane/airplane49.tif,1
/home/sda/dataset/UCMerced_LandUse/images/airplane/airplane13.tif,1
/home/sda/dataset/UCMerced_LandUse/images/airplane/airplane28.tif,1
/home/sda/dataset/UCMerced_LandUse/images/airplane/airplane87.tif,1
/home/sda/dataset/UCMerced_LandUse/images/airplane/airplane43.tif,1
/home/sda/dataset/UCMerced_LandUse/images/airplane/airplane67.tif,1
/home/sda/dataset/UCMerced_LandUse/images/airplane/airplane75.tif,2
/home/sda/dataset/UCMerced_LandUse/images/airplane/airplane34.tif,1
/home/sda/dataset/UCMerced_LandUse/images/airplane/airplane21.tif,1
/home/sda/dataset/UCMerced_LandUse/images/airplane/airplane98.tif,1
/home/sda/dataset/UCMerced_LandUse/images/airplane/airplane14.tif,1
/home/sda/dataset/UCMerced_LandUse/images/airplane/airplane26.tif,1
/home/sda/dataset/UCMerced_LandUse/images/airplane/airplane64.tif,1
/home/sda/dataset/UCMerced_LandUse/images/airplane/airplane16.tif,1
/home/sda/dataset/UCMerced_LandUse/images/airplane/airplane42.tif,1
/home/sda/dataset/UCMerced_LandUse/images/airplane/airplane10.tif,1
/home/sda/dataset/UCMerced_LandUse/images/airplane/airplane31.tif,1
/home/sda/dataset/UCMerced_LandUse/images/airplane/airplane09.tif,1
/home/sda/dataset/UCMerced_LandUse/images/airplane/airplane29.tif,1
/home/sda/dataset/UCMerced_LandUse/images/airplane/airplane41.tif,1
/home/sda/dataset/UCMerced_LandUse/images/airplane/airplane66.tif,1
/home/sda/dataset/UCMerced_LandUse/images/airplane/airplane82.tif,1
/home/sda/dataset/UCMerced_LandUse/images/airplane/airplane88.tif,1
/home/sda/dataset/UCMerced_LandUse/images/airplane/airplane97.tif,1
/home/sda/dataset/UCMerced_LandUse/images/airplane/airplane56.tif,1
/home/sda/dataset/UCMerced_LandUse/images/airplane/airplane22.tif,1
/home/sda/dataset/UCMerced_LandUse/images/airplane/airplane52.tif,1
/home/sda/dataset/UCMerced_LandUse/images/airplane/airplane72.tif,1
/home/sda/dataset/UCMerced_LandUse/images/airplane/airplane11.tif,1
/home/sda/dataset/UCMerced_LandUse/images/airplane/airplane36.tif,1
/home/sda/dataset/UCMerced_LandUse/images/airplane/airplane51.tif,1
/home/sda/dataset/UCMerced_LandUse/images/airplane/airplane89.tif,1
/home/sda/dataset/UCMerced_LandUse/images/airplane/airplane04.tif,1
/home/sda/dataset/UCMerced_LandUse/images/airplane/airplane60.tif,1
/home/sda/dataset/UCMerced_LandUse/images/airplane/airplane81.tif,1
/home/sda/dataset/UCMerced_LandUse/images/airplane/airplane93.tif,1
/home/sda/dataset/UCMerced_LandUse/images/airplane/airplane96.tif,10
/home/sda/dataset/UCMerced_LandUse/images/airplane/airplane55.tif,1
/home/sda/dataset/UCMerced_LandUse/images/airplane/airplane17.tif,1
/home/sda/dataset/UCMerced_LandUse/images/airplane/airplane06.tif,1
/home/sda/dataset/UCMerced_LandUse/images/airplane/airplane15.tif,1
/home/sda/dataset/UCMerced_LandUse/images/airplane/airplane24.tif,1
/home/sda/dataset/UCMerced_LandUse/images/airplane/airplane85.tif,12
/home/sda/dataset/UCMerced_LandUse/images/airplane/airplane84.tif,1
/home/sda/dataset/UCMerced_LandUse/images/airplane/airplane90.tif,1
/home/sda/dataset/UCMerced_LandUse/images/airplane/airplane27.tif,1
/home/sda/dataset/UCMerced_LandUse/images/airplane/airplane53.tif,1
/home/sda/dataset/UCMerced_LandUse/images/airplane/airplane54.tif,1
/home/sda/dataset/UCMerced_LandUse/images/airplane/airplane44.tif,1
/home/sda/dataset/UCMerced_LandUse/images/airplane/airplane30.tif,1
/home/sda/dataset/UCMerced_LandUse/images/airplane/airplane68.tif,1
/home/sda/dataset/UCMerced_LandUse/images/airplane/airplane78.tif,1
/home/sda/dataset/UCMerced_LandUse/images/airplane/airplane35.tif,1
/home/sda/dataset/UCMerced_LandUse/images/airplane/airplane91.tif,1
/home/sda/dataset/UCMerced_LandUse/images/airplane/airplane57.tif,1
/home/sda/dataset/UCMerced_LandUse/images/airplane/airplane77.tif,1
/home/sda/dataset/UCMerced_LandUse/images/airplane/airplane79.tif,1
/home/sda/dataset/UCMerced_LandUse/images/airplane/airplane99.tif,1
/home/sda/dataset/UCMerced_LandUse/images/airplane/airplane58.tif,1
/home/sda/dataset/UCMerced_LandUse/images/airplane/airplane80.tif,1
/home/sda/dataset/UCMerced_LandUse/images/airplane/airplane32.tif,0
/home/sda/dataset/UCMerced_LandUse/images/baseballdiamond/baseballdiamond67.tif,2
/home/sda/dataset/UCMerced_LandUse/images/baseballdiamond/baseballdiamond86.tif,2
/home/sda/dataset/UCMerced_LandUse/images/baseballdiamond/baseballdiamond55.tif,2
/home/sda/dataset/UCMerced_LandUse/images/baseballdiamond/baseballdiamond35.tif,2
/home/sda/dataset/UCMerced_LandUse/images/baseballdiamond/baseballdiamond12.tif,2
/home/sda/dataset/UCMerced_LandUse/images/baseballdiamond/baseballdiamond33.tif,2
/home/sda/dataset/UCMerced_LandUse/images/baseballdiamond/baseballdiamond53.tif,11
/home/sda/dataset/UCMerced_LandUse/images/baseballdiamond/baseballdiamond81.tif,14
/home/sda/dataset/UCMerced_LandUse/images/baseballdiamond/baseballdiamond13.tif,2
/home/sda/dataset/UCMerced_LandUse/images/baseballdiamond/baseballdiamond69.tif,2
/home/sda/dataset/UCMerced_LandUse/images/baseballdiamond/baseballdiamond89.tif,19
/home/sda/dataset/UCMerced_LandUse/images/baseballdiamond/baseballdiamond15.tif,2
/home/sda/dataset/UCMerced_LandUse/images/baseballdiamond/baseballdiamond41.tif,2
/home/sda/dataset/UCMerced_LandUse/images/baseballdiamond/baseballdiamond71.tif,2
/home/sda/dataset/UCMerced_LandUse/images/baseballdiamond/baseballdiamond98.tif,2
/home/sda/dataset/UCMerced_LandUse/images/baseballdiamond/baseballdiamond82.tif,2
/home/sda/dataset/UCMerced_LandUse/images/baseballdiamond/baseballdiamond99.tif,2
/home/sda/dataset/UCMerced_LandUse/images/baseballdiamond/baseballdiamond45.tif,2
/home/sda/dataset/UCMerced_LandUse/images/baseballdiamond/baseballdiamond61.tif,2
/home/sda/dataset/UCMerced_LandUse/images/baseballdiamond/baseballdiamond59.tif,2
/home/sda/dataset/UCMerced_LandUse/images/baseballdiamond/baseballdiamond52.tif,2
/home/sda/dataset/UCMerced_LandUse/images/baseballdiamond/baseballdiamond00.tif,2
/home/sda/dataset/UCMerced_LandUse/images/baseballdiamond/baseballdiamond92.tif,2
/home/sda/dataset/UCMerced_LandUse/images/baseballdiamond/baseballdiamond58.tif,2
/home/sda/dataset/UCMerced_LandUse/images/baseballdiamond/baseballdiamond68.tif,2
/home/sda/dataset/UCMerced_LandUse/images/baseballdiamond/baseballdiamond80.tif,2
/home/sda/dataset/UCMerced_LandUse/images/baseballdiamond/baseballdiamond48.tif,2
/home/sda/dataset/UCMerced_LandUse/images/baseballdiamond/baseballdiamond74.tif,2
/home/sda/dataset/UCMerced_LandUse/images/baseballdiamond/baseballdiamond08.tif,2
/home/sda/dataset/UCMerced_LandUse/images/baseballdiamond/baseballdiamond97.tif,2
/home/sda/dataset/UCMerced_LandUse/images/baseballdiamond/baseballdiamond20.tif,2
/home/sda/dataset/UCMerced_LandUse/images/baseballdiamond/baseballdiamond50.tif,5
/home/sda/dataset/UCMerced_LandUse/images/baseballdiamond/baseballdiamond94.tif,2
/home/sda/dataset/UCMerced_LandUse/images/baseballdiamond/baseballdiamond62.tif,2
/home/sda/dataset/UCMerced_LandUse/images/baseballdiamond/baseballdiamond83.tif,2
/home/sda/dataset/UCMerced_LandUse/images/baseballdiamond/baseballdiamond70.tif,2
/home/sda/dataset/UCMerced_LandUse/images/baseballdiamond/baseballdiamond31.tif,2
/home/sda/dataset/UCMerced_LandUse/images/baseballdiamond/baseballdiamond76.tif,2
/home/sda/dataset/UCMerced_LandUse/images/baseballdiamond/baseballdiamond30.tif,2
/home/sda/dataset/UCMerced_LandUse/images/baseballdiamond/baseballdiamond10.tif,2
/home/sda/dataset/UCMerced_LandUse/images/baseballdiamond/baseballdiamond56.tif,2
/home/sda/dataset/UCMerced_LandUse/images/baseballdiamond/baseballdiamond64.tif,2
/home/sda/dataset/UCMerced_LandUse/images/baseballdiamond/baseballdiamond37.tif,2
/home/sda/dataset/UCMerced_LandUse/images/baseballdiamond/baseballdiamond63.tif,2
/home/sda/dataset/UCMerced_LandUse/images/baseballdiamond/baseballdiamond24.tif,2
/home/sda/dataset/UCMerced_LandUse/images/baseballdiamond/baseballdiamond85.tif,2
/home/sda/dataset/UCMerced_LandUse/images/baseballdiamond/baseballdiamond09.tif,1
/home/sda/dataset/UCMerced_LandUse/images/baseballdiamond/baseballdiamond42.tif,2
/home/sda/dataset/UCMerced_LandUse/images/baseballdiamond/baseballdiamond19.tif,2
/home/sda/dataset/UCMerced_LandUse/images/baseballdiamond/baseballdiamond01.tif,2
/home/sda/dataset/UCMerced_LandUse/images/baseballdiamond/baseballdiamond75.tif,2
/home/sda/dataset/UCMerced_LandUse/images/baseballdiamond/baseballdiamond32.tif,17
/home/sda/dataset/UCMerced_LandUse/images/baseballdiamond/baseballdiamond04.tif,2
/home/sda/dataset/UCMerced_LandUse/images/baseballdiamond/baseballdiamond54.tif,2
/home/sda/dataset/UCMerced_LandUse/images/baseballdiamond/baseballdiamond07.tif,2
/home/sda/dataset/UCMerced_LandUse/images/baseballdiamond/baseballdiamond40.tif,2
/home/sda/dataset/UCMerced_LandUse/images/baseballdiamond/baseballdiamond43.tif,2
/home/sda/dataset/UCMerced_LandUse/images/baseballdiamond/baseballdiamond65.tif,2
/home/sda/dataset/UCMerced_LandUse/images/baseballdiamond/baseballdiamond11.tif,2
/home/sda/dataset/UCMerced_LandUse/images/baseballdiamond/baseballdiamond84.tif,2
/home/sda/dataset/UCMerced_LandUse/images/baseballdiamond/baseballdiamond46.tif,2
/home/sda/dataset/UCMerced_LandUse/images/baseballdiamond/baseballdiamond05.tif,2
/home/sda/dataset/UCMerced_LandUse/images/baseballdiamond/baseballdiamond23.tif,2
/home/sda/dataset/UCMerced_LandUse/images/baseballdiamond/baseballdiamond72.tif,2
/home/sda/dataset/UCMerced_LandUse/images/beach/beach53.tif,3
/home/sda/dataset/UCMerced_LandUse/images/beach/beach34.tif,5
/home/sda/dataset/UCMerced_LandUse/images/beach/beach31.tif,3
/home/sda/dataset/UCMerced_LandUse/images/beach/beach63.tif,3
/home/sda/dataset/UCMerced_LandUse/images/beach/beach28.tif,20
/home/sda/dataset/UCMerced_LandUse/images/beach/beach94.tif,3
/home/sda/dataset/UCMerced_LandUse/images/beach/beach43.tif,3
/home/sda/dataset/UCMerced_LandUse/images/beach/beach91.tif,3
/home/sda/dataset/UCMerced_LandUse/images/beach/beach80.tif,3
/home/sda/dataset/UCMerced_LandUse/images/beach/beach13.tif,3
/home/sda/dataset/UCMerced_LandUse/images/beach/beach02.tif,15
/home/sda/dataset/UCMerced_LandUse/images/beach/beach92.tif,3
/home/sda/dataset/UCMerced_LandUse/images/beach/beach50.tif,3
/home/sda/dataset/UCMerced_LandUse/images/beach/beach08.tif,3
/home/sda/dataset/UCMerced_LandUse/images/beach/beach65.tif,3
/home/sda/dataset/UCMerced_LandUse/images/beach/beach96.tif,3
/home/sda/dataset/UCMerced_LandUse/images/beach/beach18.tif,3
/home/sda/dataset/UCMerced_LandUse/images/beach/beach82.tif,3
/home/sda/dataset/UCMerced_LandUse/images/beach/beach30.tif,3
/home/sda/dataset/UCMerced_LandUse/images/beach/beach78.tif,3
/home/sda/dataset/UCMerced_LandUse/images/beach/beach41.tif,3
/home/sda/dataset/UCMerced_LandUse/images/beach/beach06.tif,3
/home/sda/dataset/UCMerced_LandUse/images/beach/beach45.tif,3
/home/sda/dataset/UCMerced_LandUse/images/beach/beach10.tif,3
/home/sda/dataset/UCMerced_LandUse/images/beach/beach99.tif,3
/home/sda/dataset/UCMerced_LandUse/images/beach/beach64.tif,3
/home/sda/dataset/UCMerced_LandUse/images/beach/beach36.tif,10
/home/sda/dataset/UCMerced_LandUse/images/beach/beach72.tif,20
/home/sda/dataset/UCMerced_LandUse/images/beach/beach37.tif,3
/home/sda/dataset/UCMerced_LandUse/images/beach/beach85.tif,3
/home/sda/dataset/UCMerced_LandUse/images/beach/beach79.tif,3
/home/sda/dataset/UCMerced_LandUse/images/beach/beach84.tif,3
/home/sda/dataset/UCMerced_LandUse/images/beach/beach00.tif,3
/home/sda/dataset/UCMerced_LandUse/images/beach/beach39.tif,3
/home/sda/dataset/UCMerced_LandUse/images/beach/beach01.tif,3
/home/sda/dataset/UCMerced_LandUse/images/beach/beach54.tif,3
/home/sda/dataset/UCMerced_LandUse/images/beach/beach35.tif,3
/home/sda/dataset/UCMerced_LandUse/images/beach/beach81.tif,3
/home/sda/dataset/UCMerced_LandUse/images/beach/beach60.tif,3
/home/sda/dataset/UCMerced_LandUse/images/beach/beach07.tif,3
/home/sda/dataset/UCMerced_LandUse/images/beach/beach67.tif,3
/home/sda/dataset/UCMerced_LandUse/images/beach/beach62.tif,3
/home/sda/dataset/UCMerced_LandUse/images/beach/beach48.tif,3
/home/sda/dataset/UCMerced_LandUse/images/beach/beach95.tif,3
/home/sda/dataset/UCMerced_LandUse/images/beach/beach87.tif,3
/home/sda/dataset/UCMerced_LandUse/images/beach/beach66.tif,3
/home/sda/dataset/UCMerced_LandUse/images/beach/beach86.tif,3
/home/sda/dataset/UCMerced_LandUse/images/beach/beach97.tif,3
/home/sda/dataset/UCMerced_LandUse/images/beach/beach70.tif,3
/home/sda/dataset/UCMerced_LandUse/images/beach/beach17.tif,3
/home/sda/dataset/UCMerced_LandUse/images/beach/beach38.tif,3
/home/sda/dataset/UCMerced_LandUse/images/beach/beach25.tif,3
/home/sda/dataset/UCMerced_LandUse/images/beach/beach04.tif,3
/home/sda/dataset/UCMerced_LandUse/images/beach/beach73.tif,3
/home/sda/dataset/UCMerced_LandUse/images/beach/beach03.tif,3
/home/sda/dataset/UCMerced_LandUse/images/beach/beach55.tif,0
/home/sda/dataset/UCMerced_LandUse/images/beach/beach24.tif,3
/home/sda/dataset/UCMerced_LandUse/images/beach/beach05.tif,3
/home/sda/dataset/UCMerced_LandUse/images/beach/beach15.tif,3
/home/sda/dataset/UCMerced_LandUse/images/beach/beach61.tif,3
/home/sda/dataset/UCMerced_LandUse/images/beach/beach46.tif,3
/home/sda/dataset/UCMerced_LandUse/images/beach/beach98.tif,3
/home/sda/dataset/UCMerced_LandUse/images/beach/beach76.tif,3
/home/sda/dataset/UCMerced_LandUse/images/beach/beach47.tif,3
/home/sda/dataset/UCMerced_LandUse/images/buildings/buildings76.tif,4
/home/sda/dataset/UCMerced_LandUse/images/buildings/buildings52.tif,4
/home/sda/dataset/UCMerced_LandUse/images/buildings/buildings42.tif,12
/home/sda/dataset/UCMerced_LandUse/images/buildings/buildings57.tif,4
/home/sda/dataset/UCMerced_LandUse/images/buildings/buildings48.tif,4
/home/sda/dataset/UCMerced_LandUse/images/buildings/buildings02.tif,4
/home/sda/dataset/UCMerced_LandUse/images/buildings/buildings27.tif,4
/home/sda/dataset/UCMerced_LandUse/images/buildings/buildings22.tif,4
/home/sda/dataset/UCMerced_LandUse/images/buildings/buildings72.tif,4
/home/sda/dataset/UCMerced_LandUse/images/buildings/buildings17.tif,4
/home/sda/dataset/UCMerced_LandUse/images/buildings/buildings20.tif,4
/home/sda/dataset/UCMerced_LandUse/images/buildings/buildings55.tif,2
/home/sda/dataset/UCMerced_LandUse/images/buildings/buildings96.tif,4
/home/sda/dataset/UCMerced_LandUse/images/buildings/buildings83.tif,4
/home/sda/dataset/UCMerced_LandUse/images/buildings/buildings94.tif,4
/home/sda/dataset/UCMerced_LandUse/images/buildings/buildings39.tif,4
/home/sda/dataset/UCMerced_LandUse/images/buildings/buildings11.tif,4
/home/sda/dataset/UCMerced_LandUse/images/buildings/buildings28.tif,4
/home/sda/dataset/UCMerced_LandUse/images/buildings/buildings44.tif,4
/home/sda/dataset/UCMerced_LandUse/images/buildings/buildings09.tif,4
/home/sda/dataset/UCMerced_LandUse/images/buildings/buildings40.tif,4
/home/sda/dataset/UCMerced_LandUse/images/buildings/buildings62.tif,4
/home/sda/dataset/UCMerced_LandUse/images/buildings/buildings64.tif,4
/home/sda/dataset/UCMerced_LandUse/images/buildings/buildings00.tif,4
/home/sda/dataset/UCMerced_LandUse/images/buildings/buildings69.tif,4
/home/sda/dataset/UCMerced_LandUse/images/buildings/buildings81.tif,4
/home/sda/dataset/UCMerced_LandUse/images/buildings/buildings38.tif,4
/home/sda/dataset/UCMerced_LandUse/images/buildings/buildings91.tif,4
/home/sda/dataset/UCMerced_LandUse/images/buildings/buildings77.tif,4
/home/sda/dataset/UCMerced_LandUse/images/buildings/buildings36.tif,4
/home/sda/dataset/UCMerced_LandUse/images/buildings/buildings26.tif,4
/home/sda/dataset/UCMerced_LandUse/images/buildings/buildings07.tif,4
/home/sda/dataset/UCMerced_LandUse/images/buildings/buildings56.tif,4
/home/sda/dataset/UCMerced_LandUse/images/buildings/buildings10.tif,4
/home/sda/dataset/UCMerced_LandUse/images/buildings/buildings78.tif,4
/home/sda/dataset/UCMerced_LandUse/images/buildings/buildings74.tif,8
/home/sda/dataset/UCMerced_LandUse/images/buildings/buildings89.tif,4
/home/sda/dataset/UCMerced_LandUse/images/buildings/buildings98.tif,4
/home/sda/dataset/UCMerced_LandUse/images/buildings/buildings18.tif,4
/home/sda/dataset/UCMerced_LandUse/images/buildings/buildings65.tif,4
/home/sda/dataset/UCMerced_LandUse/images/buildings/buildings85.tif,4
/home/sda/dataset/UCMerced_LandUse/images/buildings/buildings59.tif,4
/home/sda/dataset/UCMerced_LandUse/images/buildings/buildings66.tif,4
/home/sda/dataset/UCMerced_LandUse/images/buildings/buildings80.tif,14
/home/sda/dataset/UCMerced_LandUse/images/buildings/buildings13.tif,4
/home/sda/dataset/UCMerced_LandUse/images/buildings/buildings37.tif,4
/home/sda/dataset/UCMerced_LandUse/images/buildings/buildings68.tif,4
/home/sda/dataset/UCMerced_LandUse/images/buildings/buildings01.tif,4
/home/sda/dataset/UCMerced_LandUse/images/buildings/buildings34.tif,4
/home/sda/dataset/UCMerced_LandUse/images/buildings/buildings93.tif,4
/home/sda/dataset/UCMerced_LandUse/images/buildings/buildings04.tif,4
/home/sda/dataset/UCMerced_LandUse/images/buildings/buildings73.tif,4
/home/sda/dataset/UCMerced_LandUse/images/buildings/buildings24.tif,4
/home/sda/dataset/UCMerced_LandUse/images/buildings/buildings05.tif,4
/home/sda/dataset/UCMerced_LandUse/images/buildings/buildings30.tif,4
/home/sda/dataset/UCMerced_LandUse/images/buildings/buildings51.tif,4
/home/sda/dataset/UCMerced_LandUse/images/buildings/buildings70.tif,4
/home/sda/dataset/UCMerced_LandUse/images/buildings/buildings46.tif,5
/home/sda/dataset/UCMerced_LandUse/images/buildings/buildings67.tif,4
/home/sda/dataset/UCMerced_LandUse/images/buildings/buildings79.tif,4
/home/sda/dataset/UCMerced_LandUse/images/buildings/buildings03.tif,4
/home/sda/dataset/UCMerced_LandUse/images/buildings/buildings19.tif,4
/home/sda/dataset/UCMerced_LandUse/images/buildings/buildings99.tif,11
/home/sda/dataset/UCMerced_LandUse/images/buildings/buildings95.tif,4
/home/sda/dataset/UCMerced_LandUse/images/chaparral/chaparral78.tif,5
/home/sda/dataset/UCMerced_LandUse/images/chaparral/chaparral99.tif,5
/home/sda/dataset/UCMerced_LandUse/images/chaparral/chaparral85.tif,5
/home/sda/dataset/UCMerced_LandUse/images/chaparral/chaparral50.tif,5
/home/sda/dataset/UCMerced_LandUse/images/chaparral/chaparral20.tif,5
/home/sda/dataset/UCMerced_LandUse/images/chaparral/chaparral47.tif,5
/home/sda/dataset/UCMerced_LandUse/images/chaparral/chaparral80.tif,5
/home/sda/dataset/UCMerced_LandUse/images/chaparral/chaparral94.tif,5
/home/sda/dataset/UCMerced_LandUse/images/chaparral/chaparral12.tif,5
/home/sda/dataset/UCMerced_LandUse/images/chaparral/chaparral21.tif,5
/home/sda/dataset/UCMerced_LandUse/images/chaparral/chaparral93.tif,5
/home/sda/dataset/UCMerced_LandUse/images/chaparral/chaparral10.tif,5
/home/sda/dataset/UCMerced_LandUse/images/chaparral/chaparral82.tif,5
/home/sda/dataset/UCMerced_LandUse/images/chaparral/chaparral81.tif,0
/home/sda/dataset/UCMerced_LandUse/images/chaparral/chaparral31.tif,5
/home/sda/dataset/UCMerced_LandUse/images/chaparral/chaparral03.tif,5
/home/sda/dataset/UCMerced_LandUse/images/chaparral/chaparral08.tif,7
/home/sda/dataset/UCMerced_LandUse/images/chaparral/chaparral04.tif,5
/home/sda/dataset/UCMerced_LandUse/images/chaparral/chaparral71.tif,5
/home/sda/dataset/UCMerced_LandUse/images/chaparral/chaparral24.tif,5
/home/sda/dataset/UCMerced_LandUse/images/chaparral/chaparral23.tif,5
/home/sda/dataset/UCMerced_LandUse/images/chaparral/chaparral59.tif,5
/home/sda/dataset/UCMerced_LandUse/images/chaparral/chaparral46.tif,5
/home/sda/dataset/UCMerced_LandUse/images/chaparral/chaparral67.tif,5
/home/sda/dataset/UCMerced_LandUse/images/chaparral/chaparral87.tif,5
/home/sda/dataset/UCMerced_LandUse/images/chaparral/chaparral62.tif,5
/home/sda/dataset/UCMerced_LandUse/images/chaparral/chaparral92.tif,5
/home/sda/dataset/UCMerced_LandUse/images/chaparral/chaparral41.tif,5
/home/sda/dataset/UCMerced_LandUse/images/chaparral/chaparral36.tif,5
/home/sda/dataset/UCMerced_LandUse/images/chaparral/chaparral51.tif,5
/home/sda/dataset/UCMerced_LandUse/images/chaparral/chaparral13.tif,5
/home/sda/dataset/UCMerced_LandUse/images/chaparral/chaparral56.tif,5
/home/sda/dataset/UCMerced_LandUse/images/chaparral/chaparral07.tif,5
/home/sda/dataset/UCMerced_LandUse/images/chaparral/chaparral97.tif,5
/home/sda/dataset/UCMerced_LandUse/images/chaparral/chaparral25.tif,5
/home/sda/dataset/UCMerced_LandUse/images/chaparral/chaparral39.tif,5
/home/sda/dataset/UCMerced_LandUse/images/chaparral/chaparral38.tif,5
/home/sda/dataset/UCMerced_LandUse/images/chaparral/chaparral64.tif,16
/home/sda/dataset/UCMerced_LandUse/images/chaparral/chaparral74.tif,7
/home/sda/dataset/UCMerced_LandUse/images/chaparral/chaparral52.tif,5
/home/sda/dataset/UCMerced_LandUse/images/chaparral/chaparral27.tif,5
/home/sda/dataset/UCMerced_LandUse/images/chaparral/chaparral48.tif,5
/home/sda/dataset/UCMerced_LandUse/images/chaparral/chaparral73.tif,5
/home/sda/dataset/UCMerced_LandUse/images/chaparral/chaparral09.tif,5
/home/sda/dataset/UCMerced_LandUse/images/chaparral/chaparral86.tif,5
/home/sda/dataset/UCMerced_LandUse/images/chaparral/chaparral70.tif,5
/home/sda/dataset/UCMerced_LandUse/images/chaparral/chaparral43.tif,10
/home/sda/dataset/UCMerced_LandUse/images/chaparral/chaparral68.tif,5
/home/sda/dataset/UCMerced_LandUse/images/chaparral/chaparral96.tif,20
/home/sda/dataset/UCMerced_LandUse/images/chaparral/chaparral75.tif,5
/home/sda/dataset/UCMerced_LandUse/images/chaparral/chaparral35.tif,5
/home/sda/dataset/UCMerced_LandUse/images/chaparral/chaparral34.tif,5
/home/sda/dataset/UCMerced_LandUse/images/chaparral/chaparral88.tif,5
/home/sda/dataset/UCMerced_LandUse/images/chaparral/chaparral98.tif,5
/home/sda/dataset/UCMerced_LandUse/images/chaparral/chaparral05.tif,5
/home/sda/dataset/UCMerced_LandUse/images/chaparral/chaparral89.tif,5
/home/sda/dataset/UCMerced_LandUse/images/chaparral/chaparral49.tif,5
/home/sda/dataset/UCMerced_LandUse/images/chaparral/chaparral53.tif,5
/home/sda/dataset/UCMerced_LandUse/images/chaparral/chaparral00.tif,5
/home/sda/dataset/UCMerced_LandUse/images/chaparral/chaparral91.tif,5
/home/sda/dataset/UCMerced_LandUse/images/chaparral/chaparral72.tif,5
/home/sda/dataset/UCMerced_LandUse/images/chaparral/chaparral01.tif,5
/home/sda/dataset/UCMerced_LandUse/images/chaparral/chaparral18.tif,5
/home/sda/dataset/UCMerced_LandUse/images/chaparral/chaparral65.tif,5
/home/sda/dataset/UCMerced_LandUse/images/denseresidential/denseresidential99.tif,6
/home/sda/dataset/UCMerced_LandUse/images/denseresidential/denseresidential38.tif,6
/home/sda/dataset/UCMerced_LandUse/images/denseresidential/denseresidential03.tif,6
/home/sda/dataset/UCMerced_LandUse/images/denseresidential/denseresidential06.tif,6
/home/sda/dataset/UCMerced_LandUse/images/denseresidential/denseresidential71.tif,6
/home/sda/dataset/UCMerced_LandUse/images/denseresidential/denseresidential41.tif,6
/home/sda/dataset/UCMerced_LandUse/images/denseresidential/denseresidential76.tif,6
/home/sda/dataset/UCMerced_LandUse/images/denseresidential/denseresidential67.tif,6
/home/sda/dataset/UCMerced_LandUse/images/denseresidential/denseresidential88.tif,6
/home/sda/dataset/UCMerced_LandUse/images/denseresidential/denseresidential16.tif,6
/home/sda/dataset/UCMerced_LandUse/images/denseresidential/denseresidential43.tif,6
/home/sda/dataset/UCMerced_LandUse/images/denseresidential/denseresidential87.tif,6
/home/sda/dataset/UCMerced_LandUse/images/denseresidential/denseresidential15.tif,6
/home/sda/dataset/UCMerced_LandUse/images/denseresidential/denseresidential29.tif,6
/home/sda/dataset/UCMerced_LandUse/images/denseresidential/denseresidential31.tif,6
/home/sda/dataset/UCMerced_LandUse/images/denseresidential/denseresidential35.tif,6
/home/sda/dataset/UCMerced_LandUse/images/denseresidential/denseresidential12.tif,6
/home/sda/dataset/UCMerced_LandUse/images/denseresidential/denseresidential74.tif,6
/home/sda/dataset/UCMerced_LandUse/images/denseresidential/denseresidential57.tif,6
/home/sda/dataset/UCMerced_LandUse/images/denseresidential/denseresidential79.tif,6
/home/sda/dataset/UCMerced_LandUse/images/denseresidential/denseresidential01.tif,6
/home/sda/dataset/UCMerced_LandUse/images/denseresidential/denseresidential68.tif,6
/home/sda/dataset/UCMerced_LandUse/images/denseresidential/denseresidential47.tif,4
/home/sda/dataset/UCMerced_LandUse/images/denseresidential/denseresidential04.tif,16
/home/sda/dataset/UCMerced_LandUse/images/denseresidential/denseresidential59.tif,6
/home/sda/dataset/UCMerced_LandUse/images/denseresidential/denseresidential75.tif,6
/home/sda/dataset/UCMerced_LandUse/images/denseresidential/denseresidential66.tif,6
/home/sda/dataset/UCMerced_LandUse/images/denseresidential/denseresidential51.tif,6
/home/sda/dataset/UCMerced_LandUse/images/denseresidential/denseresidential81.tif,6
/home/sda/dataset/UCMerced_LandUse/images/denseresidential/denseresidential23.tif,6
/home/sda/dataset/UCMerced_LandUse/images/denseresidential/denseresidential80.tif,6
/home/sda/dataset/UCMerced_LandUse/images/denseresidential/denseresidential09.tif,6
/home/sda/dataset/UCMerced_LandUse/images/denseresidential/denseresidential39.tif,6
/home/sda/dataset/UCMerced_LandUse/images/denseresidential/denseresidential65.tif,6
/home/sda/dataset/UCMerced_LandUse/images/denseresidential/denseresidential28.tif,6
/home/sda/dataset/UCMerced_LandUse/images/denseresidential/denseresidential37.tif,6
/home/sda/dataset/UCMerced_LandUse/images/denseresidential/denseresidential64.tif,6
/home/sda/dataset/UCMerced_LandUse/images/denseresidential/denseresidential00.tif,6
/home/sda/dataset/UCMerced_LandUse/images/denseresidential/denseresidential02.tif,6
/home/sda/dataset/UCMerced_LandUse/images/denseresidential/denseresidential10.tif,6
/home/sda/dataset/UCMerced_LandUse/images/denseresidential/denseresidential89.tif,6
/home/sda/dataset/UCMerced_LandUse/images/denseresidential/denseresidential32.tif,6
/home/sda/dataset/UCMerced_LandUse/images/denseresidential/denseresidential18.tif,13
/home/sda/dataset/UCMerced_LandUse/images/denseresidential/denseresidential94.tif,6
/home/sda/dataset/UCMerced_LandUse/images/denseresidential/denseresidential14.tif,6
/home/sda/dataset/UCMerced_LandUse/images/denseresidential/denseresidential95.tif,6
/home/sda/dataset/UCMerced_LandUse/images/denseresidential/denseresidential45.tif,6
/home/sda/dataset/UCMerced_LandUse/images/denseresidential/denseresidential70.tif,6
/home/sda/dataset/UCMerced_LandUse/images/denseresidential/denseresidential78.tif,6
/home/sda/dataset/UCMerced_LandUse/images/denseresidential/denseresidential34.tif,0
/home/sda/dataset/UCMerced_LandUse/images/denseresidential/denseresidential72.tif,6
/home/sda/dataset/UCMerced_LandUse/images/denseresidential/denseresidential98.tif,3
/home/sda/dataset/UCMerced_LandUse/images/denseresidential/denseresidential54.tif,6
/home/sda/dataset/UCMerced_LandUse/images/denseresidential/denseresidential60.tif,6
/home/sda/dataset/UCMerced_LandUse/images/denseresidential/denseresidential92.tif,6
/home/sda/dataset/UCMerced_LandUse/images/denseresidential/denseresidential86.tif,3
/home/sda/dataset/UCMerced_LandUse/images/denseresidential/denseresidential46.tif,6
/home/sda/dataset/UCMerced_LandUse/images/denseresidential/denseresidential26.tif,6
/home/sda/dataset/UCMerced_LandUse/images/denseresidential/denseresidential52.tif,6
/home/sda/dataset/UCMerced_LandUse/images/denseresidential/denseresidential08.tif,6
/home/sda/dataset/UCMerced_LandUse/images/denseresidential/denseresidential53.tif,6
/home/sda/dataset/UCMerced_LandUse/images/denseresidential/denseresidential11.tif,6
/home/sda/dataset/UCMerced_LandUse/images/denseresidential/denseresidential42.tif,6
/home/sda/dataset/UCMerced_LandUse/images/denseresidential/denseresidential25.tif,6
/home/sda/dataset/UCMerced_LandUse/images/forest/forest58.tif,7
/home/sda/dataset/UCMerced_LandUse/images/forest/forest25.tif,7
/home/sda/dataset/UCMerced_LandUse/images/forest/forest01.tif,7
/home/sda/dataset/UCMerced_LandUse/images/forest/forest53.tif,7
/home/sda/dataset/UCMerced_LandUse/images/forest/forest29.tif,7
/home/sda/dataset/UCMerced_LandUse/images/forest/forest80.tif,7
/home/sda/dataset/UCMerced_LandUse/images/forest/forest36.tif,7
/home/sda/dataset/UCMerced_LandUse/images/forest/forest85.tif,7
/home/sda/dataset/UCMerced_LandUse/images/forest/forest68.tif,7
/home/sda/dataset/UCMerced_LandUse/images/forest/forest93.tif,7
/home/sda/dataset/UCMerced_LandUse/images/forest/forest92.tif,7
/home/sda/dataset/UCMerced_LandUse/images/forest/forest23.tif,7
/home/sda/dataset/UCMerced_LandUse/images/forest/forest65.tif,7
/home/sda/dataset/UCMerced_LandUse/images/forest/forest02.tif,5
/home/sda/dataset/UCMerced_LandUse/images/forest/forest08.tif,13
/home/sda/dataset/UCMerced_LandUse/images/forest/forest12.tif,7
/home/sda/dataset/UCMerced_LandUse/images/forest/forest56.tif,7
/home/sda/dataset/UCMerced_LandUse/images/forest/forest05.tif,12
/home/sda/dataset/UCMerced_LandUse/images/forest/forest43.tif,7
/home/sda/dataset/UCMerced_LandUse/images/forest/forest91.tif,7
/home/sda/dataset/UCMerced_LandUse/images/forest/forest54.tif,7
/home/sda/dataset/UCMerced_LandUse/images/forest/forest98.tif,7
/home/sda/dataset/UCMerced_LandUse/images/forest/forest22.tif,7
/home/sda/dataset/UCMerced_LandUse/images/forest/forest67.tif,7
/home/sda/dataset/UCMerced_LandUse/images/forest/forest41.tif,13
/home/sda/dataset/UCMerced_LandUse/images/forest/forest21.tif,7
/home/sda/dataset/UCMerced_LandUse/images/forest/forest37.tif,7
/home/sda/dataset/UCMerced_LandUse/images/forest/forest57.tif,7
/home/sda/dataset/UCMerced_LandUse/images/forest/forest04.tif,17
/home/sda/dataset/UCMerced_LandUse/images/forest/forest84.tif,7
/home/sda/dataset/UCMerced_LandUse/images/forest/forest38.tif,7
/home/sda/dataset/UCMerced_LandUse/images/forest/forest99.tif,7
/home/sda/dataset/UCMerced_LandUse/images/forest/forest07.tif,7
/home/sda/dataset/UCMerced_LandUse/images/forest/forest64.tif,7
/home/sda/dataset/UCMerced_LandUse/images/forest/forest50.tif,7
/home/sda/dataset/UCMerced_LandUse/images/forest/forest09.tif,7
/home/sda/dataset/UCMerced_LandUse/images/forest/forest75.tif,7
/home/sda/dataset/UCMerced_LandUse/images/forest/forest55.tif,7
/home/sda/dataset/UCMerced_LandUse/images/forest/forest71.tif,7
/home/sda/dataset/UCMerced_LandUse/images/forest/forest11.tif,7
/home/sda/dataset/UCMerced_LandUse/images/forest/forest30.tif,7
/home/sda/dataset/UCMerced_LandUse/images/forest/forest61.tif,7
/home/sda/dataset/UCMerced_LandUse/images/forest/forest83.tif,7
/home/sda/dataset/UCMerced_LandUse/images/forest/forest72.tif,7
/home/sda/dataset/UCMerced_LandUse/images/forest/forest52.tif,7
/home/sda/dataset/UCMerced_LandUse/images/forest/forest31.tif,7
/home/sda/dataset/UCMerced_LandUse/images/forest/forest00.tif,7
/home/sda/dataset/UCMerced_LandUse/images/forest/forest20.tif,7
/home/sda/dataset/UCMerced_LandUse/images/forest/forest47.tif,7
/home/sda/dataset/UCMerced_LandUse/images/forest/forest39.tif,7
/home/sda/dataset/UCMerced_LandUse/images/forest/forest16.tif,7
/home/sda/dataset/UCMerced_LandUse/images/forest/forest28.tif,7
/home/sda/dataset/UCMerced_LandUse/images/forest/forest44.tif,7
/home/sda/dataset/UCMerced_LandUse/images/forest/forest45.tif,7
/home/sda/dataset/UCMerced_LandUse/images/forest/forest24.tif,7
/home/sda/dataset/UCMerced_LandUse/images/forest/forest89.tif,7
/home/sda/dataset/UCMerced_LandUse/images/forest/forest70.tif,7
/home/sda/dataset/UCMerced_LandUse/images/forest/forest51.tif,7
/home/sda/dataset/UCMerced_LandUse/images/forest/forest17.tif,7
/home/sda/dataset/UCMerced_LandUse/images/forest/forest97.tif,7
/home/sda/dataset/UCMerced_LandUse/images/forest/forest35.tif,7
/home/sda/dataset/UCMerced_LandUse/images/forest/forest59.tif,7
/home/sda/dataset/UCMerced_LandUse/images/forest/forest74.tif,2
/home/sda/dataset/UCMerced_LandUse/images/forest/forest03.tif,7
/home/sda/dataset/UCMerced_LandUse/images/freeway/freeway22.tif,8
/home/sda/dataset/UCMerced_LandUse/images/freeway/freeway27.tif,8
/home/sda/dataset/UCMerced_LandUse/images/freeway/freeway13.tif,8
/home/sda/dataset/UCMerced_LandUse/images/freeway/freeway95.tif,8
/home/sda/dataset/UCMerced_LandUse/images/freeway/freeway20.tif,8
/home/sda/dataset/UCMerced_LandUse/images/freeway/freeway40.tif,8
/home/sda/dataset/UCMerced_LandUse/images/freeway/freeway87.tif,8
/home/sda/dataset/UCMerced_LandUse/images/freeway/freeway64.tif,8
/home/sda/dataset/UCMerced_LandUse/images/freeway/freeway52.tif,8
/home/sda/dataset/UCMerced_LandUse/images/freeway/freeway11.tif,8
/home/sda/dataset/UCMerced_LandUse/images/freeway/freeway75.tif,8
/home/sda/dataset/UCMerced_LandUse/images/freeway/freeway74.tif,8
/home/sda/dataset/UCMerced_LandUse/images/freeway/freeway34.tif,8
/home/sda/dataset/UCMerced_LandUse/images/freeway/freeway93.tif,8
/home/sda/dataset/UCMerced_LandUse/images/freeway/freeway07.tif,8
/home/sda/dataset/UCMerced_LandUse/images/freeway/freeway79.tif,8
/home/sda/dataset/UCMerced_LandUse/images/freeway/freeway85.tif,8
/home/sda/dataset/UCMerced_LandUse/images/freeway/freeway05.tif,8
/home/sda/dataset/UCMerced_LandUse/images/freeway/freeway96.tif,8
/home/sda/dataset/UCMerced_LandUse/images/freeway/freeway68.tif,8
/home/sda/dataset/UCMerced_LandUse/images/freeway/freeway23.tif,8
/home/sda/dataset/UCMerced_LandUse/images/freeway/freeway03.tif,8
/home/sda/dataset/UCMerced_LandUse/images/freeway/freeway31.tif,8
/home/sda/dataset/UCMerced_LandUse/images/freeway/freeway88.tif,8
/home/sda/dataset/UCMerced_LandUse/images/freeway/freeway43.tif,8
/home/sda/dataset/UCMerced_LandUse/images/freeway/freeway37.tif,8
/home/sda/dataset/UCMerced_LandUse/images/freeway/freeway69.tif,8
/home/sda/dataset/UCMerced_LandUse/images/freeway/freeway21.tif,8
/home/sda/dataset/UCMerced_LandUse/images/freeway/freeway54.tif,8
/home/sda/dataset/UCMerced_LandUse/images/freeway/freeway08.tif,8
/home/sda/dataset/UCMerced_LandUse/images/freeway/freeway33.tif,9
/home/sda/dataset/UCMerced_LandUse/images/freeway/freeway49.tif,8
/home/sda/dataset/UCMerced_LandUse/images/freeway/freeway71.tif,8
/home/sda/dataset/UCMerced_LandUse/images/freeway/freeway36.tif,8
/home/sda/dataset/UCMerced_LandUse/images/freeway/freeway65.tif,8
/home/sda/dataset/UCMerced_LandUse/images/freeway/freeway97.tif,8
/home/sda/dataset/UCMerced_LandUse/images/freeway/freeway12.tif,8
/home/sda/dataset/UCMerced_LandUse/images/freeway/freeway58.tif,8
/home/sda/dataset/UCMerced_LandUse/images/freeway/freeway57.tif,8
/home/sda/dataset/UCMerced_LandUse/images/freeway/freeway01.tif,8
/home/sda/dataset/UCMerced_LandUse/images/freeway/freeway83.tif,8
/home/sda/dataset/UCMerced_LandUse/images/freeway/freeway50.tif,8
/home/sda/dataset/UCMerced_LandUse/images/freeway/freeway46.tif,8
/home/sda/dataset/UCMerced_LandUse/images/freeway/freeway51.tif,8
/home/sda/dataset/UCMerced_LandUse/images/freeway/freeway19.tif,8
/home/sda/dataset/UCMerced_LandUse/images/freeway/freeway84.tif,8
/home/sda/dataset/UCMerced_LandUse/images/freeway/freeway67.tif,8
/home/sda/dataset/UCMerced_LandUse/images/freeway/freeway72.tif,0
/home/sda/dataset/UCMerced_LandUse/images/freeway/freeway92.tif,8
/home/sda/dataset/UCMerced_LandUse/images/freeway/freeway30.tif,8
/home/sda/dataset/UCMerced_LandUse/images/freeway/freeway15.tif,12
/home/sda/dataset/UCMerced_LandUse/images/freeway/freeway78.tif,8
/home/sda/dataset/UCMerced_LandUse/images/freeway/freeway16.tif,8
/home/sda/dataset/UCMerced_LandUse/images/freeway/freeway59.tif,8
/home/sda/dataset/UCMerced_LandUse/images/freeway/freeway24.tif,8
/home/sda/dataset/UCMerced_LandUse/images/freeway/freeway70.tif,8
/home/sda/dataset/UCMerced_LandUse/images/freeway/freeway45.tif,8
/home/sda/dataset/UCMerced_LandUse/images/freeway/freeway09.tif,9
/home/sda/dataset/UCMerced_LandUse/images/freeway/freeway63.tif,5
/home/sda/dataset/UCMerced_LandUse/images/freeway/freeway66.tif,8
/home/sda/dataset/UCMerced_LandUse/images/freeway/freeway38.tif,8
/home/sda/dataset/UCMerced_LandUse/images/freeway/freeway91.tif,14
/home/sda/dataset/UCMerced_LandUse/images/freeway/freeway42.tif,8
/home/sda/dataset/UCMerced_LandUse/images/freeway/freeway35.tif,8
/home/sda/dataset/UCMerced_LandUse/images/golfcourse/golfcourse72.tif,9
/home/sda/dataset/UCMerced_LandUse/images/golfcourse/golfcourse68.tif,9
/home/sda/dataset/UCMerced_LandUse/images/golfcourse/golfcourse02.tif,12
/home/sda/dataset/UCMerced_LandUse/images/golfcourse/golfcourse35.tif,1
/home/sda/dataset/UCMerced_LandUse/images/golfcourse/golfcourse51.tif,9
/home/sda/dataset/UCMerced_LandUse/images/golfcourse/golfcourse91.tif,9
/home/sda/dataset/UCMerced_LandUse/images/golfcourse/golfcourse75.tif,17
/home/sda/dataset/UCMerced_LandUse/images/golfcourse/golfcourse41.tif,9
/home/sda/dataset/UCMerced_LandUse/images/golfcourse/golfcourse53.tif,9
/home/sda/dataset/UCMerced_LandUse/images/golfcourse/golfcourse55.tif,9
/home/sda/dataset/UCMerced_LandUse/images/golfcourse/golfcourse47.tif,9
/home/sda/dataset/UCMerced_LandUse/images/golfcourse/golfcourse24.tif,9
/home/sda/dataset/UCMerced_LandUse/images/golfcourse/golfcourse94.tif,9
/home/sda/dataset/UCMerced_LandUse/images/golfcourse/golfcourse85.tif,9
/home/sda/dataset/UCMerced_LandUse/images/golfcourse/golfcourse27.tif,9
/home/sda/dataset/UCMerced_LandUse/images/golfcourse/golfcourse49.tif,9
/home/sda/dataset/UCMerced_LandUse/images/golfcourse/golfcourse84.tif,9
/home/sda/dataset/UCMerced_LandUse/images/golfcourse/golfcourse11.tif,9
/home/sda/dataset/UCMerced_LandUse/images/golfcourse/golfcourse97.tif,9
/home/sda/dataset/UCMerced_LandUse/images/golfcourse/golfcourse59.tif,9
/home/sda/dataset/UCMerced_LandUse/images/golfcourse/golfcourse62.tif,9
/home/sda/dataset/UCMerced_LandUse/images/golfcourse/golfcourse90.tif,9
/home/sda/dataset/UCMerced_LandUse/images/golfcourse/golfcourse69.tif,6
/home/sda/dataset/UCMerced_LandUse/images/golfcourse/golfcourse13.tif,9
/home/sda/dataset/UCMerced_LandUse/images/golfcourse/golfcourse76.tif,9
/home/sda/dataset/UCMerced_LandUse/images/golfcourse/golfcourse21.tif,18
/home/sda/dataset/UCMerced_LandUse/images/golfcourse/golfcourse42.tif,9
/home/sda/dataset/UCMerced_LandUse/images/golfcourse/golfcourse32.tif,9
/home/sda/dataset/UCMerced_LandUse/images/golfcourse/golfcourse20.tif,9
/home/sda/dataset/UCMerced_LandUse/images/golfcourse/golfcourse81.tif,9
/home/sda/dataset/UCMerced_LandUse/images/golfcourse/golfcourse58.tif,9
/home/sda/dataset/UCMerced_LandUse/images/golfcourse/golfcourse16.tif,9
/home/sda/dataset/UCMerced_LandUse/images/golfcourse/golfcourse50.tif,9
/home/sda/dataset/UCMerced_LandUse/images/golfcourse/golfcourse83.tif,19
/home/sda/dataset/UCMerced_LandUse/images/golfcourse/golfcourse12.tif,9
/home/sda/dataset/UCMerced_LandUse/images/golfcourse/golfcourse60.tif,9
/home/sda/dataset/UCMerced_LandUse/images/golfcourse/golfcourse31.tif,9
/home/sda/dataset/UCMerced_LandUse/images/golfcourse/golfcourse37.tif,9
/home/sda/dataset/UCMerced_LandUse/images/golfcourse/golfcourse86.tif,9
/home/sda/dataset/UCMerced_LandUse/images/golfcourse/golfcourse43.tif,9
/home/sda/dataset/UCMerced_LandUse/images/golfcourse/golfcourse40.tif,9
/home/sda/dataset/UCMerced_LandUse/images/golfcourse/golfcourse87.tif,9
/home/sda/dataset/UCMerced_LandUse/images/golfcourse/golfcourse95.tif,9
/home/sda/dataset/UCMerced_LandUse/images/golfcourse/golfcourse98.tif,9
/home/sda/dataset/UCMerced_LandUse/images/golfcourse/golfcourse78.tif,9
/home/sda/dataset/UCMerced_LandUse/images/golfcourse/golfcourse15.tif,9
/home/sda/dataset/UCMerced_LandUse/images/golfcourse/golfcourse92.tif,9
/home/sda/dataset/UCMerced_LandUse/images/golfcourse/golfcourse93.tif,9
/home/sda/dataset/UCMerced_LandUse/images/golfcourse/golfcourse63.tif,9
/home/sda/dataset/UCMerced_LandUse/images/golfcourse/golfcourse07.tif,9
/home/sda/dataset/UCMerced_LandUse/images/golfcourse/golfcourse06.tif,9
/home/sda/dataset/UCMerced_LandUse/images/golfcourse/golfcourse14.tif,9
/home/sda/dataset/UCMerced_LandUse/images/golfcourse/golfcourse03.tif,9
/home/sda/dataset/UCMerced_LandUse/images/golfcourse/golfcourse09.tif,9
/home/sda/dataset/UCMerced_LandUse/images/golfcourse/golfcourse38.tif,9
/home/sda/dataset/UCMerced_LandUse/images/golfcourse/golfcourse48.tif,9
/home/sda/dataset/UCMerced_LandUse/images/golfcourse/golfcourse70.tif,9
/home/sda/dataset/UCMerced_LandUse/images/golfcourse/golfcourse82.tif,9
/home/sda/dataset/UCMerced_LandUse/images/golfcourse/golfcourse01.tif,9
/home/sda/dataset/UCMerced_LandUse/images/golfcourse/golfcourse45.tif,9
/home/sda/dataset/UCMerced_LandUse/images/golfcourse/golfcourse19.tif,9
/home/sda/dataset/UCMerced_LandUse/images/golfcourse/golfcourse18.tif,9
/home/sda/dataset/UCMerced_LandUse/images/golfcourse/golfcourse33.tif,9
/home/sda/dataset/UCMerced_LandUse/images/golfcourse/golfcourse52.tif,9
/home/sda/dataset/UCMerced_LandUse/images/harbor/harbor52.tif,10
/home/sda/dataset/UCMerced_LandUse/images/harbor/harbor33.tif,10
/home/sda/dataset/UCMerced_LandUse/images/harbor/harbor30.tif,10
/home/sda/dataset/UCMerced_LandUse/images/harbor/harbor94.tif,10
/home/sda/dataset/UCMerced_LandUse/images/harbor/harbor75.tif,10
/home/sda/dataset/UCMerced_LandUse/images/harbor/harbor25.tif,10
/home/sda/dataset/UCMerced_LandUse/images/harbor/harbor54.tif,10
/home/sda/dataset/UCMerced_LandUse/images/harbor/harbor15.tif,10
/home/sda/dataset/UCMerced_LandUse/images/harbor/harbor14.tif,7
/home/sda/dataset/UCMerced_LandUse/images/harbor/harbor36.tif,10
/home/sda/dataset/UCMerced_LandUse/images/harbor/harbor17.tif,10
/home/sda/dataset/UCMerced_LandUse/images/harbor/harbor42.tif,10
/home/sda/dataset/UCMerced_LandUse/images/harbor/harbor26.tif,10
/home/sda/dataset/UCMerced_LandUse/images/harbor/harbor12.tif,10
/home/sda/dataset/UCMerced_LandUse/images/harbor/harbor73.tif,10
/home/sda/dataset/UCMerced_LandUse/images/harbor/harbor58.tif,10
/home/sda/dataset/UCMerced_LandUse/images/harbor/harbor06.tif,10
/home/sda/dataset/UCMerced_LandUse/images/harbor/harbor67.tif,10
/home/sda/dataset/UCMerced_LandUse/images/harbor/harbor27.tif,10
/home/sda/dataset/UCMerced_LandUse/images/harbor/harbor00.tif,10
/home/sda/dataset/UCMerced_LandUse/images/harbor/harbor46.tif,10
/home/sda/dataset/UCMerced_LandUse/images/harbor/harbor89.tif,10
/home/sda/dataset/UCMerced_LandUse/images/harbor/harbor86.tif,10
/home/sda/dataset/UCMerced_LandUse/images/harbor/harbor39.tif,10
/home/sda/dataset/UCMerced_LandUse/images/harbor/harbor32.tif,17
/home/sda/dataset/UCMerced_LandUse/images/harbor/harbor43.tif,10
/home/sda/dataset/UCMerced_LandUse/images/harbor/harbor78.tif,10
/home/sda/dataset/UCMerced_LandUse/images/harbor/harbor71.tif,10
/home/sda/dataset/UCMerced_LandUse/images/harbor/harbor81.tif,10
/home/sda/dataset/UCMerced_LandUse/images/harbor/harbor19.tif,10
/home/sda/dataset/UCMerced_LandUse/images/harbor/harbor68.tif,10
/home/sda/dataset/UCMerced_LandUse/images/harbor/harbor55.tif,10
/home/sda/dataset/UCMerced_LandUse/images/harbor/harbor84.tif,10
/home/sda/dataset/UCMerced_LandUse/images/harbor/harbor80.tif,10
/home/sda/dataset/UCMerced_LandUse/images/harbor/harbor44.tif,10
/home/sda/dataset/UCMerced_LandUse/images/harbor/harbor05.tif,15
/home/sda/dataset/UCMerced_LandUse/images/harbor/harbor20.tif,17
/home/sda/dataset/UCMerced_LandUse/images/harbor/harbor91.tif,10
/home/sda/dataset/UCMerced_LandUse/images/harbor/harbor28.tif,10
/home/sda/dataset/UCMerced_LandUse/images/harbor/harbor10.tif,10
/home/sda/dataset/UCMerced_LandUse/images/harbor/harbor40.tif,10
/home/sda/dataset/UCMerced_LandUse/images/harbor/harbor93.tif,10
/home/sda/dataset/UCMerced_LandUse/images/harbor/harbor08.tif,10
/home/sda/dataset/UCMerced_LandUse/images/harbor/harbor66.tif,10
/home/sda/dataset/UCMerced_LandUse/images/harbor/harbor53.tif,10
/home/sda/dataset/UCMerced_LandUse/images/harbor/harbor48.tif,10
/home/sda/dataset/UCMerced_LandUse/images/harbor/harbor41.tif,0
/home/sda/dataset/UCMerced_LandUse/images/harbor/harbor29.tif,10
/home/sda/dataset/UCMerced_LandUse/images/harbor/harbor60.tif,10
/home/sda/dataset/UCMerced_LandUse/images/harbor/harbor79.tif,19
/home/sda/dataset/UCMerced_LandUse/images/harbor/harbor24.tif,10
/home/sda/dataset/UCMerced_LandUse/images/harbor/harbor97.tif,10
/home/sda/dataset/UCMerced_LandUse/images/harbor/harbor92.tif,10
/home/sda/dataset/UCMerced_LandUse/images/harbor/harbor13.tif,10
/home/sda/dataset/UCMerced_LandUse/images/harbor/harbor64.tif,10
/home/sda/dataset/UCMerced_LandUse/images/harbor/harbor04.tif,10
/home/sda/dataset/UCMerced_LandUse/images/harbor/harbor07.tif,10
/home/sda/dataset/UCMerced_LandUse/images/harbor/harbor99.tif,10
/home/sda/dataset/UCMerced_LandUse/images/harbor/harbor02.tif,10
/home/sda/dataset/UCMerced_LandUse/images/harbor/harbor50.tif,10
/home/sda/dataset/UCMerced_LandUse/images/harbor/harbor23.tif,10
/home/sda/dataset/UCMerced_LandUse/images/harbor/harbor34.tif,10
/home/sda/dataset/UCMerced_LandUse/images/harbor/harbor87.tif,10
/home/sda/dataset/UCMerced_LandUse/images/harbor/harbor61.tif,10
/home/sda/dataset/UCMerced_LandUse/images/intersection/intersection33.tif,11
/home/sda/dataset/UCMerced_LandUse/images/intersection/intersection98.tif,11
/home/sda/dataset/UCMerced_LandUse/images/intersection/intersection70.tif,11
/home/sda/dataset/UCMerced_LandUse/images/intersection/intersection03.tif,11
/home/sda/dataset/UCMerced_LandUse/images/intersection/intersection89.tif,11
/home/sda/dataset/UCMerced_LandUse/images/intersection/intersection56.tif,11
/home/sda/dataset/UCMerced_LandUse/images/intersection/intersection46.tif,11
/home/sda/dataset/UCMerced_LandUse/images/intersection/intersection25.tif,11
/home/sda/dataset/UCMerced_LandUse/images/intersection/intersection57.tif,11
/home/sda/dataset/UCMerced_LandUse/images/intersection/intersection47.tif,11
/home/sda/dataset/UCMerced_LandUse/images/intersection/intersection43.tif,11
/home/sda/dataset/UCMerced_LandUse/images/intersection/intersection09.tif,11
/home/sda/dataset/UCMerced_LandUse/images/intersection/intersection55.tif,11
/home/sda/dataset/UCMerced_LandUse/images/intersection/intersection73.tif,11
/home/sda/dataset/UCMerced_LandUse/images/intersection/intersection18.tif,11
/home/sda/dataset/UCMerced_LandUse/images/intersection/intersection37.tif,11
/home/sda/dataset/UCMerced_LandUse/images/intersection/intersection19.tif,11
/home/sda/dataset/UCMerced_LandUse/images/intersection/intersection28.tif,11
/home/sda/dataset/UCMerced_LandUse/images/intersection/intersection32.tif,11
/home/sda/dataset/UCMerced_LandUse/images/intersection/intersection58.tif,11
/home/sda/dataset/UCMerced_LandUse/images/intersection/intersection81.tif,11
/home/sda/dataset/UCMerced_LandUse/images/intersection/intersection54.tif,11
/home/sda/dataset/UCMerced_LandUse/images/intersection/intersection93.tif,11
/home/sda/dataset/UCMerced_LandUse/images/intersection/intersection11.tif,11
/home/sda/dataset/UCMerced_LandUse/images/intersection/intersection79.tif,11
/home/sda/dataset/UCMerced_LandUse/images/intersection/intersection00.tif,11
/home/sda/dataset/UCMerced_LandUse/images/intersection/intersection90.tif,11
/home/sda/dataset/UCMerced_LandUse/images/intersection/intersection23.tif,11
/home/sda/dataset/UCMerced_LandUse/images/intersection/intersection41.tif,11
/home/sda/dataset/UCMerced_LandUse/images/intersection/intersection21.tif,11
/home/sda/dataset/UCMerced_LandUse/images/intersection/intersection44.tif,11
/home/sda/dataset/UCMerced_LandUse/images/intersection/intersection48.tif,11
/home/sda/dataset/UCMerced_LandUse/images/intersection/intersection51.tif,11
/home/sda/dataset/UCMerced_LandUse/images/intersection/intersection26.tif,11
/home/sda/dataset/UCMerced_LandUse/images/intersection/intersection71.tif,9
/home/sda/dataset/UCMerced_LandUse/images/intersection/intersection31.tif,11
/home/sda/dataset/UCMerced_LandUse/images/intersection/intersection53.tif,11
/home/sda/dataset/UCMerced_LandUse/images/intersection/intersection01.tif,10
/home/sda/dataset/UCMerced_LandUse/images/intersection/intersection29.tif,11
/home/sda/dataset/UCMerced_LandUse/images/intersection/intersection20.tif,11
/home/sda/dataset/UCMerced_LandUse/images/intersection/intersection84.tif,11
/home/sda/dataset/UCMerced_LandUse/images/intersection/intersection97.tif,11
/home/sda/dataset/UCMerced_LandUse/images/intersection/intersection35.tif,11
/home/sda/dataset/UCMerced_LandUse/images/intersection/intersection92.tif,11
/home/sda/dataset/UCMerced_LandUse/images/intersection/intersection76.tif,11
/home/sda/dataset/UCMerced_LandUse/images/intersection/intersection65.tif,11
/home/sda/dataset/UCMerced_LandUse/images/intersection/intersection22.tif,11
/home/sda/dataset/UCMerced_LandUse/images/intersection/intersection77.tif,11
/home/sda/dataset/UCMerced_LandUse/images/intersection/intersection15.tif,11
/home/sda/dataset/UCMerced_LandUse/images/intersection/intersection72.tif,11
/home/sda/dataset/UCMerced_LandUse/images/intersection/intersection88.tif,11
/home/sda/dataset/UCMerced_LandUse/images/intersection/intersection16.tif,11
/home/sda/dataset/UCMerced_LandUse/images/intersection/intersection85.tif,11
/home/sda/dataset/UCMerced_LandUse/images/intersection/intersection78.tif,11
/home/sda/dataset/UCMerced_LandUse/images/intersection/intersection12.tif,11
/home/sda/dataset/UCMerced_LandUse/images/intersection/intersection17.tif,11
/home/sda/dataset/UCMerced_LandUse/images/intersection/intersection07.tif,19
/home/sda/dataset/UCMerced_LandUse/images/intersection/intersection13.tif,11
/home/sda/dataset/UCMerced_LandUse/images/intersection/intersection64.tif,20
/home/sda/dataset/UCMerced_LandUse/images/intersection/intersection10.tif,11
/home/sda/dataset/UCMerced_LandUse/images/intersection/intersection45.tif,11
/home/sda/dataset/UCMerced_LandUse/images/intersection/intersection34.tif,2
/home/sda/dataset/UCMerced_LandUse/images/intersection/intersection75.tif,11
/home/sda/dataset/UCMerced_LandUse/images/intersection/intersection06.tif,0
/home/sda/dataset/UCMerced_LandUse/images/mediumresidential/mediumresidential12.tif,12
/home/sda/dataset/UCMerced_LandUse/images/mediumresidential/mediumresidential79.tif,12
/home/sda/dataset/UCMerced_LandUse/images/mediumresidential/mediumresidential26.tif,12
/home/sda/dataset/UCMerced_LandUse/images/mediumresidential/mediumresidential74.tif,12
/home/sda/dataset/UCMerced_LandUse/images/mediumresidential/mediumresidential16.tif,12
/home/sda/dataset/UCMerced_LandUse/images/mediumresidential/mediumresidential00.tif,12
/home/sda/dataset/UCMerced_LandUse/images/mediumresidential/mediumresidential61.tif,12
/home/sda/dataset/UCMerced_LandUse/images/mediumresidential/mediumresidential15.tif,12
/home/sda/dataset/UCMerced_LandUse/images/mediumresidential/mediumresidential94.tif,12
/home/sda/dataset/UCMerced_LandUse/images/mediumresidential/mediumresidential95.tif,12
/home/sda/dataset/UCMerced_LandUse/images/mediumresidential/mediumresidential11.tif,12
/home/sda/dataset/UCMerced_LandUse/images/mediumresidential/mediumresidential57.tif,12
/home/sda/dataset/UCMerced_LandUse/images/mediumresidential/mediumresidential20.tif,12
/home/sda/dataset/UCMerced_LandUse/images/mediumresidential/mediumresidential44.tif,12
/home/sda/dataset/UCMerced_LandUse/images/mediumresidential/mediumresidential45.tif,12
/home/sda/dataset/UCMerced_LandUse/images/mediumresidential/mediumresidential23.tif,12
/home/sda/dataset/UCMerced_LandUse/images/mediumresidential/mediumresidential98.tif,12
/home/sda/dataset/UCMerced_LandUse/images/mediumresidential/mediumresidential63.tif,12
/home/sda/dataset/UCMerced_LandUse/images/mediumresidential/mediumresidential89.tif,6
/home/sda/dataset/UCMerced_LandUse/images/mediumresidential/mediumresidential43.tif,12
/home/sda/dataset/UCMerced_LandUse/images/mediumresidential/mediumresidential82.tif,12
/home/sda/dataset/UCMerced_LandUse/images/mediumresidential/mediumresidential84.tif,12
/home/sda/dataset/UCMerced_LandUse/images/mediumresidential/mediumresidential92.tif,4
/home/sda/dataset/UCMerced_LandUse/images/mediumresidential/mediumresidential49.tif,12
/home/sda/dataset/UCMerced_LandUse/images/mediumresidential/mediumresidential14.tif,12
/home/sda/dataset/UCMerced_LandUse/images/mediumresidential/mediumresidential08.tif,2
/home/sda/dataset/UCMerced_LandUse/images/mediumresidential/mediumresidential18.tif,12
/home/sda/dataset/UCMerced_LandUse/images/mediumresidential/mediumresidential75.tif,12
/home/sda/dataset/UCMerced_LandUse/images/mediumresidential/mediumresidential47.tif,12
/home/sda/dataset/UCMerced_LandUse/images/mediumresidential/mediumresidential80.tif,12
/home/sda/dataset/UCMerced_LandUse/images/mediumresidential/mediumresidential50.tif,12
/home/sda/dataset/UCMerced_LandUse/images/mediumresidential/mediumresidential66.tif,11
/home/sda/dataset/UCMerced_LandUse/images/mediumresidential/mediumresidential91.tif,12
/home/sda/dataset/UCMerced_LandUse/images/mediumresidential/mediumresidential46.tif,12
/home/sda/dataset/UCMerced_LandUse/images/mediumresidential/mediumresidential64.tif,12
/home/sda/dataset/UCMerced_LandUse/images/mediumresidential/mediumresidential02.tif,12
/home/sda/dataset/UCMerced_LandUse/images/mediumresidential/mediumresidential06.tif,12
/home/sda/dataset/UCMerced_LandUse/images/mediumresidential/mediumresidential48.tif,12
/home/sda/dataset/UCMerced_LandUse/images/mediumresidential/mediumresidential10.tif,12
/home/sda/dataset/UCMerced_LandUse/images/mediumresidential/mediumresidential01.tif,12
/home/sda/dataset/UCMerced_LandUse/images/mediumresidential/mediumresidential36.tif,12
/home/sda/dataset/UCMerced_LandUse/images/mediumresidential/mediumresidential32.tif,12
/home/sda/dataset/UCMerced_LandUse/images/mediumresidential/mediumresidential52.tif,12
/home/sda/dataset/UCMerced_LandUse/images/mediumresidential/mediumresidential83.tif,12
/home/sda/dataset/UCMerced_LandUse/images/mediumresidential/mediumresidential37.tif,0
/home/sda/dataset/UCMerced_LandUse/images/mediumresidential/mediumresidential65.tif,12
/home/sda/dataset/UCMerced_LandUse/images/mediumresidential/mediumresidential70.tif,12
/home/sda/dataset/UCMerced_LandUse/images/mediumresidential/mediumresidential88.tif,12
/home/sda/dataset/UCMerced_LandUse/images/mediumresidential/mediumresidential90.tif,12
/home/sda/dataset/UCMerced_LandUse/images/mediumresidential/mediumresidential28.tif,12
/home/sda/dataset/UCMerced_LandUse/images/mediumresidential/mediumresidential60.tif,12
/home/sda/dataset/UCMerced_LandUse/images/mediumresidential/mediumresidential55.tif,12
/home/sda/dataset/UCMerced_LandUse/images/mediumresidential/mediumresidential38.tif,12
/home/sda/dataset/UCMerced_LandUse/images/mediumresidential/mediumresidential96.tif,12
/home/sda/dataset/UCMerced_LandUse/images/mediumresidential/mediumresidential58.tif,2
/home/sda/dataset/UCMerced_LandUse/images/mediumresidential/mediumresidential78.tif,12
/home/sda/dataset/UCMerced_LandUse/images/mediumresidential/mediumresidential97.tif,12
/home/sda/dataset/UCMerced_LandUse/images/mediumresidential/mediumresidential25.tif,12
/home/sda/dataset/UCMerced_LandUse/images/mediumresidential/mediumresidential51.tif,12
/home/sda/dataset/UCMerced_LandUse/images/mediumresidential/mediumresidential31.tif,12
/home/sda/dataset/UCMerced_LandUse/images/mediumresidential/mediumresidential34.tif,12
/home/sda/dataset/UCMerced_LandUse/images/mediumresidential/mediumresidential59.tif,12
/home/sda/dataset/UCMerced_LandUse/images/mediumresidential/mediumresidential73.tif,12
/home/sda/dataset/UCMerced_LandUse/images/mediumresidential/mediumresidential72.tif,12
/home/sda/dataset/UCMerced_LandUse/images/mobilehomepark/mobilehomepark57.tif,20
/home/sda/dataset/UCMerced_LandUse/images/mobilehomepark/mobilehomepark19.tif,13
/home/sda/dataset/UCMerced_LandUse/images/mobilehomepark/mobilehomepark48.tif,13
/home/sda/dataset/UCMerced_LandUse/images/mobilehomepark/mobilehomepark61.tif,13
/home/sda/dataset/UCMerced_LandUse/images/mobilehomepark/mobilehomepark66.tif,13
/home/sda/dataset/UCMerced_LandUse/images/mobilehomepark/mobilehomepark62.tif,13
/home/sda/dataset/UCMerced_LandUse/images/mobilehomepark/mobilehomepark58.tif,2
/home/sda/dataset/UCMerced_LandUse/images/mobilehomepark/mobilehomepark28.tif,13
/home/sda/dataset/UCMerced_LandUse/images/mobilehomepark/mobilehomepark25.tif,13
/home/sda/dataset/UCMerced_LandUse/images/mobilehomepark/mobilehomepark94.tif,13
/home/sda/dataset/UCMerced_LandUse/images/mobilehomepark/mobilehomepark59.tif,13
/home/sda/dataset/UCMerced_LandUse/images/mobilehomepark/mobilehomepark99.tif,13
/home/sda/dataset/UCMerced_LandUse/images/mobilehomepark/mobilehomepark90.tif,13
/home/sda/dataset/UCMerced_LandUse/images/mobilehomepark/mobilehomepark04.tif,13
/home/sda/dataset/UCMerced_LandUse/images/mobilehomepark/mobilehomepark01.tif,13
/home/sda/dataset/UCMerced_LandUse/images/mobilehomepark/mobilehomepark09.tif,13
/home/sda/dataset/UCMerced_LandUse/images/mobilehomepark/mobilehomepark26.tif,13
/home/sda/dataset/UCMerced_LandUse/images/mobilehomepark/mobilehomepark49.tif,13
/home/sda/dataset/UCMerced_LandUse/images/mobilehomepark/mobilehomepark18.tif,13
/home/sda/dataset/UCMerced_LandUse/images/mobilehomepark/mobilehomepark12.tif,13
/home/sda/dataset/UCMerced_LandUse/images/mobilehomepark/mobilehomepark30.tif,13
/home/sda/dataset/UCMerced_LandUse/images/mobilehomepark/mobilehomepark96.tif,13
/home/sda/dataset/UCMerced_LandUse/images/mobilehomepark/mobilehomepark67.tif,13
/home/sda/dataset/UCMerced_LandUse/images/mobilehomepark/mobilehomepark79.tif,13
/home/sda/dataset/UCMerced_LandUse/images/mobilehomepark/mobilehomepark53.tif,13
/home/sda/dataset/UCMerced_LandUse/images/mobilehomepark/mobilehomepark16.tif,13
/home/sda/dataset/UCMerced_LandUse/images/mobilehomepark/mobilehomepark23.tif,11
/home/sda/dataset/UCMerced_LandUse/images/mobilehomepark/mobilehomepark78.tif,13
/home/sda/dataset/UCMerced_LandUse/images/mobilehomepark/mobilehomepark76.tif,20
/home/sda/dataset/UCMerced_LandUse/images/mobilehomepark/mobilehomepark13.tif,13
/home/sda/dataset/UCMerced_LandUse/images/mobilehomepark/mobilehomepark60.tif,13
/home/sda/dataset/UCMerced_LandUse/images/mobilehomepark/mobilehomepark93.tif,13
/home/sda/dataset/UCMerced_LandUse/images/mobilehomepark/mobilehomepark00.tif,13
/home/sda/dataset/UCMerced_LandUse/images/mobilehomepark/mobilehomepark82.tif,13
/home/sda/dataset/UCMerced_LandUse/images/mobilehomepark/mobilehomepark32.tif,13
/home/sda/dataset/UCMerced_LandUse/images/mobilehomepark/mobilehomepark03.tif,13
/home/sda/dataset/UCMerced_LandUse/images/mobilehomepark/mobilehomepark64.tif,13
/home/sda/dataset/UCMerced_LandUse/images/mobilehomepark/mobilehomepark37.tif,13
/home/sda/dataset/UCMerced_LandUse/images/mobilehomepark/mobilehomepark17.tif,13
/home/sda/dataset/UCMerced_LandUse/images/mobilehomepark/mobilehomepark85.tif,13
/home/sda/dataset/UCMerced_LandUse/images/mobilehomepark/mobilehomepark08.tif,13
/home/sda/dataset/UCMerced_LandUse/images/mobilehomepark/mobilehomepark75.tif,13
/home/sda/dataset/UCMerced_LandUse/images/mobilehomepark/mobilehomepark98.tif,18
/home/sda/dataset/UCMerced_LandUse/images/mobilehomepark/mobilehomepark71.tif,13
/home/sda/dataset/UCMerced_LandUse/images/mobilehomepark/mobilehomepark91.tif,13
/home/sda/dataset/UCMerced_LandUse/images/mobilehomepark/mobilehomepark63.tif,13
/home/sda/dataset/UCMerced_LandUse/images/mobilehomepark/mobilehomepark92.tif,13
/home/sda/dataset/UCMerced_LandUse/images/mobilehomepark/mobilehomepark22.tif,13
/home/sda/dataset/UCMerced_LandUse/images/mobilehomepark/mobilehomepark31.tif,13
/home/sda/dataset/UCMerced_LandUse/images/mobilehomepark/mobilehomepark34.tif,13
/home/sda/dataset/UCMerced_LandUse/images/mobilehomepark/mobilehomepark41.tif,13
/home/sda/dataset/UCMerced_LandUse/images/mobilehomepark/mobilehomepark38.tif,13
/home/sda/dataset/UCMerced_LandUse/images/mobilehomepark/mobilehomepark68.tif,13
/home/sda/dataset/UCMerced_LandUse/images/mobilehomepark/mobilehomepark06.tif,13
/home/sda/dataset/UCMerced_LandUse/images/mobilehomepark/mobilehomepark39.tif,13
/home/sda/dataset/UCMerced_LandUse/images/mobilehomepark/mobilehomepark14.tif,13
/home/sda/dataset/UCMerced_LandUse/images/mobilehomepark/mobilehomepark84.tif,13
/home/sda/dataset/UCMerced_LandUse/images/mobilehomepark/mobilehomepark83.tif,13
/home/sda/dataset/UCMerced_LandUse/images/mobilehomepark/mobilehomepark11.tif,2
/home/sda/dataset/UCMerced_LandUse/images/mobilehomepark/mobilehomepark52.tif,13
/home/sda/dataset/UCMerced_LandUse/images/mobilehomepark/mobilehomepark51.tif,13
/home/sda/dataset/UCMerced_LandUse/images/mobilehomepark/mobilehomepark02.tif,13
/home/sda/dataset/UCMerced_LandUse/images/mobilehomepark/mobilehomepark88.tif,13
/home/sda/dataset/UCMerced_LandUse/images/mobilehomepark/mobilehomepark47.tif,13
/home/sda/dataset/UCMerced_LandUse/images/overpass/overpass29.tif,14
/home/sda/dataset/UCMerced_LandUse/images/overpass/overpass74.tif,14
/home/sda/dataset/UCMerced_LandUse/images/overpass/overpass76.tif,14
/home/sda/dataset/UCMerced_LandUse/images/overpass/overpass84.tif,14
/home/sda/dataset/UCMerced_LandUse/images/overpass/overpass26.tif,14
/home/sda/dataset/UCMerced_LandUse/images/overpass/overpass11.tif,9
/home/sda/dataset/UCMerced_LandUse/images/overpass/overpass28.tif,14
/home/sda/dataset/UCMerced_LandUse/images/overpass/overpass60.tif,14
/home/sda/dataset/UCMerced_LandUse/images/overpass/overpass34.tif,14
/home/sda/dataset/UCMerced_LandUse/images/overpass/overpass83.tif,14
/home/sda/dataset/UCMerced_LandUse/images/overpass/overpass61.tif,14
/home/sda/dataset/UCMerced_LandUse/images/overpass/overpass09.tif,14
/home/sda/dataset/UCMerced_LandUse/images/overpass/overpass30.tif,14
/home/sda/dataset/UCMerced_LandUse/images/overpass/overpass19.tif,14
/home/sda/dataset/UCMerced_LandUse/images/overpass/overpass00.tif,14
/home/sda/dataset/UCMerced_LandUse/images/overpass/overpass21.tif,14
/home/sda/dataset/UCMerced_LandUse/images/overpass/overpass24.tif,14
/home/sda/dataset/UCMerced_LandUse/images/overpass/overpass14.tif,14
/home/sda/dataset/UCMerced_LandUse/images/overpass/overpass05.tif,14
/home/sda/dataset/UCMerced_LandUse/images/overpass/overpass96.tif,14
/home/sda/dataset/UCMerced_LandUse/images/overpass/overpass39.tif,14
/home/sda/dataset/UCMerced_LandUse/images/overpass/overpass97.tif,14
/home/sda/dataset/UCMerced_LandUse/images/overpass/overpass15.tif,14
/home/sda/dataset/UCMerced_LandUse/images/overpass/overpass99.tif,14
/home/sda/dataset/UCMerced_LandUse/images/overpass/overpass59.tif,14
/home/sda/dataset/UCMerced_LandUse/images/overpass/overpass94.tif,14
/home/sda/dataset/UCMerced_LandUse/images/overpass/overpass49.tif,14
/home/sda/dataset/UCMerced_LandUse/images/overpass/overpass16.tif,14
/home/sda/dataset/UCMerced_LandUse/images/overpass/overpass87.tif,14
/home/sda/dataset/UCMerced_LandUse/images/overpass/overpass71.tif,14
/home/sda/dataset/UCMerced_LandUse/images/overpass/overpass50.tif,14
/home/sda/dataset/UCMerced_LandUse/images/overpass/overpass27.tif,14
/home/sda/dataset/UCMerced_LandUse/images/overpass/overpass69.tif,14
/home/sda/dataset/UCMerced_LandUse/images/overpass/overpass58.tif,14
/home/sda/dataset/UCMerced_LandUse/images/overpass/overpass73.tif,14
/home/sda/dataset/UCMerced_LandUse/images/overpass/overpass52.tif,3
/home/sda/dataset/UCMerced_LandUse/images/overpass/overpass12.tif,14
/home/sda/dataset/UCMerced_LandUse/images/overpass/overpass78.tif,14
/home/sda/dataset/UCMerced_LandUse/images/overpass/overpass88.tif,14
/home/sda/dataset/UCMerced_LandUse/images/overpass/overpass20.tif,14
/home/sda/dataset/UCMerced_LandUse/images/overpass/overpass72.tif,14
/home/sda/dataset/UCMerced_LandUse/images/overpass/overpass66.tif,7
/home/sda/dataset/UCMerced_LandUse/images/overpass/overpass06.tif,14
/home/sda/dataset/UCMerced_LandUse/images/overpass/overpass13.tif,14
/home/sda/dataset/UCMerced_LandUse/images/overpass/overpass46.tif,16
/home/sda/dataset/UCMerced_LandUse/images/overpass/overpass53.tif,14
/home/sda/dataset/UCMerced_LandUse/images/overpass/overpass02.tif,14
/home/sda/dataset/UCMerced_LandUse/images/overpass/overpass64.tif,14
/home/sda/dataset/UCMerced_LandUse/images/overpass/overpass36.tif,14
/home/sda/dataset/UCMerced_LandUse/images/overpass/overpass10.tif,14
/home/sda/dataset/UCMerced_LandUse/images/overpass/overpass65.tif,14
/home/sda/dataset/UCMerced_LandUse/images/overpass/overpass85.tif,14
/home/sda/dataset/UCMerced_LandUse/images/overpass/overpass48.tif,5
/home/sda/dataset/UCMerced_LandUse/images/overpass/overpass92.tif,14
/home/sda/dataset/UCMerced_LandUse/images/overpass/overpass67.tif,14
/home/sda/dataset/UCMerced_LandUse/images/overpass/overpass95.tif,14
/home/sda/dataset/UCMerced_LandUse/images/overpass/overpass90.tif,14
/home/sda/dataset/UCMerced_LandUse/images/overpass/overpass93.tif,0
/home/sda/dataset/UCMerced_LandUse/images/overpass/overpass70.tif,14
/home/sda/dataset/UCMerced_LandUse/images/overpass/overpass45.tif,14
/home/sda/dataset/UCMerced_LandUse/images/overpass/overpass17.tif,14
/home/sda/dataset/UCMerced_LandUse/images/overpass/overpass18.tif,14
/home/sda/dataset/UCMerced_LandUse/images/overpass/overpass33.tif,14
/home/sda/dataset/UCMerced_LandUse/images/overpass/overpass51.tif,14
/home/sda/dataset/UCMerced_LandUse/images/parkinglot/parkinglot04.tif,15
/home/sda/dataset/UCMerced_LandUse/images/parkinglot/parkinglot17.tif,15
/home/sda/dataset/UCMerced_LandUse/images/parkinglot/parkinglot49.tif,15
/home/sda/dataset/UCMerced_LandUse/images/parkinglot/parkinglot77.tif,15
/home/sda/dataset/UCMerced_LandUse/images/parkinglot/parkinglot16.tif,15
/home/sda/dataset/UCMerced_LandUse/images/parkinglot/parkinglot97.tif,15
/home/sda/dataset/UCMerced_LandUse/images/parkinglot/parkinglot95.tif,15
/home/sda/dataset/UCMerced_LandUse/images/parkinglot/parkinglot18.tif,15
/home/sda/dataset/UCMerced_LandUse/images/parkinglot/parkinglot44.tif,15
/home/sda/dataset/UCMerced_LandUse/images/parkinglot/parkinglot15.tif,15
/home/sda/dataset/UCMerced_LandUse/images/parkinglot/parkinglot24.tif,15
/home/sda/dataset/UCMerced_LandUse/images/parkinglot/parkinglot41.tif,13
/home/sda/dataset/UCMerced_LandUse/images/parkinglot/parkinglot01.tif,15
/home/sda/dataset/UCMerced_LandUse/images/parkinglot/parkinglot08.tif,15
/home/sda/dataset/UCMerced_LandUse/images/parkinglot/parkinglot19.tif,18
/home/sda/dataset/UCMerced_LandUse/images/parkinglot/parkinglot61.tif,15
/home/sda/dataset/UCMerced_LandUse/images/parkinglot/parkinglot33.tif,15
/home/sda/dataset/UCMerced_LandUse/images/parkinglot/parkinglot28.tif,15
/home/sda/dataset/UCMerced_LandUse/images/parkinglot/parkinglot94.tif,15
/home/sda/dataset/UCMerced_LandUse/images/parkinglot/parkinglot72.tif,15
/home/sda/dataset/UCMerced_LandUse/images/parkinglot/parkinglot40.tif,15
/home/sda/dataset/UCMerced_LandUse/images/parkinglot/parkinglot63.tif,15
/home/sda/dataset/UCMerced_LandUse/images/parkinglot/parkinglot43.tif,15
/home/sda/dataset/UCMerced_LandUse/images/parkinglot/parkinglot90.tif,15
/home/sda/dataset/UCMerced_LandUse/images/parkinglot/parkinglot09.tif,15
/home/sda/dataset/UCMerced_LandUse/images/parkinglot/parkinglot66.tif,15
/home/sda/dataset/UCMerced_LandUse/images/parkinglot/parkinglot35.tif,15
/home/sda/dataset/UCMerced_LandUse/images/parkinglot/parkinglot69.tif,15
/home/sda/dataset/UCMerced_LandUse/images/parkinglot/parkinglot06.tif,15
/home/sda/dataset/UCMerced_LandUse/images/parkinglot/parkinglot78.tif,15
/home/sda/dataset/UCMerced_LandUse/images/parkinglot/parkinglot74.tif,9
/home/sda/dataset/UCMerced_LandUse/images/parkinglot/parkinglot80.tif,15
/home/sda/dataset/UCMerced_LandUse/images/parkinglot/parkinglot38.tif,15
/home/sda/dataset/UCMerced_LandUse/images/parkinglot/parkinglot85.tif,15
/home/sda/dataset/UCMerced_LandUse/images/parkinglot/parkinglot14.tif,15
/home/sda/dataset/UCMerced_LandUse/images/parkinglot/parkinglot30.tif,15
/home/sda/dataset/UCMerced_LandUse/images/parkinglot/parkinglot27.tif,15
/home/sda/dataset/UCMerced_LandUse/images/parkinglot/parkinglot11.tif,15
/home/sda/dataset/UCMerced_LandUse/images/parkinglot/parkinglot83.tif,15
/home/sda/dataset/UCMerced_LandUse/images/parkinglot/parkinglot42.tif,15
/home/sda/dataset/UCMerced_LandUse/images/parkinglot/parkinglot12.tif,15
/home/sda/dataset/UCMerced_LandUse/images/parkinglot/parkinglot21.tif,15
/home/sda/dataset/UCMerced_LandUse/images/parkinglot/parkinglot34.tif,16
/home/sda/dataset/UCMerced_LandUse/images/parkinglot/parkinglot07.tif,15
/home/sda/dataset/UCMerced_LandUse/images/parkinglot/parkinglot36.tif,15
/home/sda/dataset/UCMerced_LandUse/images/parkinglot/parkinglot39.tif,15
/home/sda/dataset/UCMerced_LandUse/images/parkinglot/parkinglot25.tif,15
/home/sda/dataset/UCMerced_LandUse/images/parkinglot/parkinglot32.tif,15
/home/sda/dataset/UCMerced_LandUse/images/parkinglot/parkinglot98.tif,15
/home/sda/dataset/UCMerced_LandUse/images/parkinglot/parkinglot62.tif,15
/home/sda/dataset/UCMerced_LandUse/images/parkinglot/parkinglot03.tif,15
/home/sda/dataset/UCMerced_LandUse/images/parkinglot/parkinglot54.tif,15
/home/sda/dataset/UCMerced_LandUse/images/parkinglot/parkinglot52.tif,15
/home/sda/dataset/UCMerced_LandUse/images/parkinglot/parkinglot47.tif,15
/home/sda/dataset/UCMerced_LandUse/images/parkinglot/parkinglot99.tif,15
/home/sda/dataset/UCMerced_LandUse/images/parkinglot/parkinglot59.tif,11
/home/sda/dataset/UCMerced_LandUse/images/parkinglot/parkinglot82.tif,15
/home/sda/dataset/UCMerced_LandUse/images/parkinglot/parkinglot31.tif,15
/home/sda/dataset/UCMerced_LandUse/images/parkinglot/parkinglot87.tif,15
/home/sda/dataset/UCMerced_LandUse/images/parkinglot/parkinglot45.tif,15
/home/sda/dataset/UCMerced_LandUse/images/parkinglot/parkinglot79.tif,15
/home/sda/dataset/UCMerced_LandUse/images/parkinglot/parkinglot20.tif,1
/home/sda/dataset/UCMerced_LandUse/images/parkinglot/parkinglot67.tif,15
/home/sda/dataset/UCMerced_LandUse/images/parkinglot/parkinglot02.tif,15
/home/sda/dataset/UCMerced_LandUse/images/river/river60.tif,16
/home/sda/dataset/UCMerced_LandUse/images/river/river69.tif,16
/home/sda/dataset/UCMerced_LandUse/images/river/river55.tif,16
/home/sda/dataset/UCMerced_LandUse/images/river/river96.tif,16
/home/sda/dataset/UCMerced_LandUse/images/river/river73.tif,16
/home/sda/dataset/UCMerced_LandUse/images/river/river18.tif,16
/home/sda/dataset/UCMerced_LandUse/images/river/river02.tif,16
/home/sda/dataset/UCMerced_LandUse/images/river/river20.tif,16
/home/sda/dataset/UCMerced_LandUse/images/river/river80.tif,18
/home/sda/dataset/UCMerced_LandUse/images/river/river36.tif,16
/home/sda/dataset/UCMerced_LandUse/images/river/river68.tif,16
/home/sda/dataset/UCMerced_LandUse/images/river/river21.tif,16
/home/sda/dataset/UCMerced_LandUse/images/river/river66.tif,17
/home/sda/dataset/UCMerced_LandUse/images/river/river14.tif,16
/home/sda/dataset/UCMerced_LandUse/images/river/river19.tif,16
/home/sda/dataset/UCMerced_LandUse/images/river/river33.tif,16
/home/sda/dataset/UCMerced_LandUse/images/river/river26.tif,16
/home/sda/dataset/UCMerced_LandUse/images/river/river61.tif,16
/home/sda/dataset/UCMerced_LandUse/images/river/river72.tif,16
/home/sda/dataset/UCMerced_LandUse/images/river/river89.tif,16
/home/sda/dataset/UCMerced_LandUse/images/river/river01.tif,16
/home/sda/dataset/UCMerced_LandUse/images/river/river86.tif,16
/home/sda/dataset/UCMerced_LandUse/images/river/river46.tif,16
/home/sda/dataset/UCMerced_LandUse/images/river/river81.tif,16
/home/sda/dataset/UCMerced_LandUse/images/river/river62.tif,16
/home/sda/dataset/UCMerced_LandUse/images/river/river16.tif,16
/home/sda/dataset/UCMerced_LandUse/images/river/river57.tif,16
/home/sda/dataset/UCMerced_LandUse/images/river/river93.tif,16
/home/sda/dataset/UCMerced_LandUse/images/river/river40.tif,16
/home/sda/dataset/UCMerced_LandUse/images/river/river52.tif,16
/home/sda/dataset/UCMerced_LandUse/images/river/river78.tif,16
/home/sda/dataset/UCMerced_LandUse/images/river/river45.tif,16
/home/sda/dataset/UCMerced_LandUse/images/river/river38.tif,16
/home/sda/dataset/UCMerced_LandUse/images/river/river32.tif,16
/home/sda/dataset/UCMerced_LandUse/images/river/river94.tif,16
/home/sda/dataset/UCMerced_LandUse/images/river/river41.tif,16
/home/sda/dataset/UCMerced_LandUse/images/river/river88.tif,16
/home/sda/dataset/UCMerced_LandUse/images/river/river64.tif,16
/home/sda/dataset/UCMerced_LandUse/images/river/river17.tif,16
/home/sda/dataset/UCMerced_LandUse/images/river/river29.tif,16
/home/sda/dataset/UCMerced_LandUse/images/river/river74.tif,3
/home/sda/dataset/UCMerced_LandUse/images/river/river43.tif,16
/home/sda/dataset/UCMerced_LandUse/images/river/river24.tif,16
/home/sda/dataset/UCMerced_LandUse/images/river/river12.tif,16
/home/sda/dataset/UCMerced_LandUse/images/river/river37.tif,16
/home/sda/dataset/UCMerced_LandUse/images/river/river71.tif,16
/home/sda/dataset/UCMerced_LandUse/images/river/river87.tif,16
/home/sda/dataset/UCMerced_LandUse/images/river/river10.tif,16
/home/sda/dataset/UCMerced_LandUse/images/river/river34.tif,16
/home/sda/dataset/UCMerced_LandUse/images/river/river05.tif,16
/home/sda/dataset/UCMerced_LandUse/images/river/river42.tif,16
/home/sda/dataset/UCMerced_LandUse/images/river/river39.tif,16
/home/sda/dataset/UCMerced_LandUse/images/river/river13.tif,16
/home/sda/dataset/UCMerced_LandUse/images/river/river67.tif,16
/home/sda/dataset/UCMerced_LandUse/images/river/river90.tif,16
/home/sda/dataset/UCMerced_LandUse/images/river/river76.tif,11
/home/sda/dataset/UCMerced_LandUse/images/river/river83.tif,16
/home/sda/dataset/UCMerced_LandUse/images/river/river92.tif,19
/home/sda/dataset/UCMerced_LandUse/images/river/river79.tif,16
/home/sda/dataset/UCMerced_LandUse/images/river/river58.tif,3
/home/sda/dataset/UCMerced_LandUse/images/river/river65.tif,16
/home/sda/dataset/UCMerced_LandUse/images/river/river27.tif,16
/home/sda/dataset/UCMerced_LandUse/images/river/river54.tif,16
/home/sda/dataset/UCMerced_LandUse/images/river/river08.tif,16
/home/sda/dataset/UCMerced_LandUse/images/runway/runway45.tif,17
/home/sda/dataset/UCMerced_LandUse/images/runway/runway01.tif,17
/home/sda/dataset/UCMerced_LandUse/images/runway/runway56.tif,17
/home/sda/dataset/UCMerced_LandUse/images/runway/runway52.tif,17
/home/sda/dataset/UCMerced_LandUse/images/runway/runway21.tif,17
/home/sda/dataset/UCMerced_LandUse/images/runway/runway88.tif,17
/home/sda/dataset/UCMerced_LandUse/images/runway/runway14.tif,17
/home/sda/dataset/UCMerced_LandUse/images/runway/runway43.tif,17
/home/sda/dataset/UCMerced_LandUse/images/runway/runway22.tif,17
/home/sda/dataset/UCMerced_LandUse/images/runway/runway89.tif,17
/home/sda/dataset/UCMerced_LandUse/images/runway/runway53.tif,17
/home/sda/dataset/UCMerced_LandUse/images/runway/runway23.tif,17
/home/sda/dataset/UCMerced_LandUse/images/runway/runway28.tif,17
/home/sda/dataset/UCMerced_LandUse/images/runway/runway17.tif,17
/home/sda/dataset/UCMerced_LandUse/images/runway/runway86.tif,17
/home/sda/dataset/UCMerced_LandUse/images/runway/runway75.tif,14
/home/sda/dataset/UCMerced_LandUse/images/runway/runway77.tif,17
/home/sda/dataset/UCMerced_LandUse/images/runway/runway54.tif,17
/home/sda/dataset/UCMerced_LandUse/images/runway/runway34.tif,17
/home/sda/dataset/UCMerced_LandUse/images/runway/runway27.tif,17
/home/sda/dataset/UCMerced_LandUse/images/runway/runway91.tif,17
/home/sda/dataset/UCMerced_LandUse/images/runway/runway35.tif,16
/home/sda/dataset/UCMerced_LandUse/images/runway/runway08.tif,17
/home/sda/dataset/UCMerced_LandUse/images/runway/runway40.tif,17
/home/sda/dataset/UCMerced_LandUse/images/runway/runway16.tif,17
/home/sda/dataset/UCMerced_LandUse/images/runway/runway41.tif,17
/home/sda/dataset/UCMerced_LandUse/images/runway/runway63.tif,17
/home/sda/dataset/UCMerced_LandUse/images/runway/runway24.tif,17
/home/sda/dataset/UCMerced_LandUse/images/runway/runway05.tif,17
/home/sda/dataset/UCMerced_LandUse/images/runway/runway58.tif,17
/home/sda/dataset/UCMerced_LandUse/images/runway/runway90.tif,13
/home/sda/dataset/UCMerced_LandUse/images/runway/runway76.tif,17
/home/sda/dataset/UCMerced_LandUse/images/runway/runway59.tif,17
/home/sda/dataset/UCMerced_LandUse/images/runway/runway95.tif,17
/home/sda/dataset/UCMerced_LandUse/images/runway/runway03.tif,17
/home/sda/dataset/UCMerced_LandUse/images/runway/runway38.tif,17
/home/sda/dataset/UCMerced_LandUse/images/runway/runway97.tif,17
/home/sda/dataset/UCMerced_LandUse/images/runway/runway37.tif,17
/home/sda/dataset/UCMerced_LandUse/images/runway/runway49.tif,17
/home/sda/dataset/UCMerced_LandUse/images/runway/runway11.tif,17
/home/sda/dataset/UCMerced_LandUse/images/runway/runway66.tif,17
/home/sda/dataset/UCMerced_LandUse/images/runway/runway32.tif,17
/home/sda/dataset/UCMerced_LandUse/images/runway/runway04.tif,17
/home/sda/dataset/UCMerced_LandUse/images/runway/runway48.tif,17
/home/sda/dataset/UCMerced_LandUse/images/runway/runway93.tif,17
/home/sda/dataset/UCMerced_LandUse/images/runway/runway06.tif,17
/home/sda/dataset/UCMerced_LandUse/images/runway/runway19.tif,17
/home/sda/dataset/UCMerced_LandUse/images/runway/runway67.tif,17
/home/sda/dataset/UCMerced_LandUse/images/runway/runway50.tif,17
/home/sda/dataset/UCMerced_LandUse/images/runway/runway72.tif,17
/home/sda/dataset/UCMerced_LandUse/images/runway/runway31.tif,20
/home/sda/dataset/UCMerced_LandUse/images/runway/runway15.tif,17
/home/sda/dataset/UCMerced_LandUse/images/runway/runway51.tif,17
/home/sda/dataset/UCMerced_LandUse/images/runway/runway94.tif,17
/home/sda/dataset/UCMerced_LandUse/images/runway/runway18.tif,17
/home/sda/dataset/UCMerced_LandUse/images/runway/runway47.tif,17
/home/sda/dataset/UCMerced_LandUse/images/runway/runway70.tif,17
/home/sda/dataset/UCMerced_LandUse/images/runway/runway12.tif,17
/home/sda/dataset/UCMerced_LandUse/images/runway/runway60.tif,17
/home/sda/dataset/UCMerced_LandUse/images/runway/runway00.tif,17
/home/sda/dataset/UCMerced_LandUse/images/runway/runway29.tif,8
/home/sda/dataset/UCMerced_LandUse/images/runway/runway20.tif,17
/home/sda/dataset/UCMerced_LandUse/images/runway/runway64.tif,17
/home/sda/dataset/UCMerced_LandUse/images/runway/runway65.tif,1
/home/sda/dataset/UCMerced_LandUse/images/sparseresidential/sparseresidential69.tif,18
/home/sda/dataset/UCMerced_LandUse/images/sparseresidential/sparseresidential88.tif,18
/home/sda/dataset/UCMerced_LandUse/images/sparseresidential/sparseresidential64.tif,18
/home/sda/dataset/UCMerced_LandUse/images/sparseresidential/sparseresidential67.tif,18
/home/sda/dataset/UCMerced_LandUse/images/sparseresidential/sparseresidential25.tif,18
/home/sda/dataset/UCMerced_LandUse/images/sparseresidential/sparseresidential06.tif,18
/home/sda/dataset/UCMerced_LandUse/images/sparseresidential/sparseresidential22.tif,18
/home/sda/dataset/UCMerced_LandUse/images/sparseresidential/sparseresidential40.tif,18
/home/sda/dataset/UCMerced_LandUse/images/sparseresidential/sparseresidential93.tif,18
/home/sda/dataset/UCMerced_LandUse/images/sparseresidential/sparseresidential15.tif,18
/home/sda/dataset/UCMerced_LandUse/images/sparseresidential/sparseresidential29.tif,18
/home/sda/dataset/UCMerced_LandUse/images/sparseresidential/sparseresidential73.tif,18
/home/sda/dataset/UCMerced_LandUse/images/sparseresidential/sparseresidential19.tif,18
/home/sda/dataset/UCMerced_LandUse/images/sparseresidential/sparseresidential34.tif,18
/home/sda/dataset/UCMerced_LandUse/images/sparseresidential/sparseresidential66.tif,18
/home/sda/dataset/UCMerced_LandUse/images/sparseresidential/sparseresidential42.tif,18
/home/sda/dataset/UCMerced_LandUse/images/sparseresidential/sparseresidential74.tif,18
/home/sda/dataset/UCMerced_LandUse/images/sparseresidential/sparseresidential96.tif,18
/home/sda/dataset/UCMerced_LandUse/images/sparseresidential/sparseresidential16.tif,18
/home/sda/dataset/UCMerced_LandUse/images/sparseresidential/sparseresidential55.tif,18
/home/sda/dataset/UCMerced_LandUse/images/sparseresidential/sparseresidential07.tif,9
/home/sda/dataset/UCMerced_LandUse/images/sparseresidential/sparseresidential59.tif,5
/home/sda/dataset/UCMerced_LandUse/images/sparseresidential/sparseresidential79.tif,18
/home/sda/dataset/UCMerced_LandUse/images/sparseresidential/sparseresidential50.tif,18
/home/sda/dataset/UCMerced_LandUse/images/sparseresidential/sparseresidential33.tif,18
/home/sda/dataset/UCMerced_LandUse/images/sparseresidential/sparseresidential23.tif,18
/home/sda/dataset/UCMerced_LandUse/images/sparseresidential/sparseresidential52.tif,18
/home/sda/dataset/UCMerced_LandUse/images/sparseresidential/sparseresidential76.tif,18
/home/sda/dataset/UCMerced_LandUse/images/sparseresidential/sparseresidential20.tif,18
/home/sda/dataset/UCMerced_LandUse/images/sparseresidential/sparseresidential51.tif,10
/home/sda/dataset/UCMerced_LandUse/images/sparseresidential/sparseresidential92.tif,14
/home/sda/dataset/UCMerced_LandUse/images/sparseresidential/sparseresidential49.tif,18
/home/sda/dataset/UCMerced_LandUse/images/sparseresidential/sparseresidential62.tif,18
/home/sda/dataset/UCMerced_LandUse/images/sparseresidential/sparseresidential98.tif,18
/home/sda/dataset/UCMerced_LandUse/images/sparseresidential/sparseresidential32.tif,18
/home/sda/dataset/UCMerced_LandUse/images/sparseresidential/sparseresidential72.tif,18
/home/sda/dataset/UCMerced_LandUse/images/sparseresidential/sparseresidential81.tif,18
/home/sda/dataset/UCMerced_LandUse/images/sparseresidential/sparseresidential02.tif,18
/home/sda/dataset/UCMerced_LandUse/images/sparseresidential/sparseresidential35.tif,18
/home/sda/dataset/UCMerced_LandUse/images/sparseresidential/sparseresidential39.tif,18
/home/sda/dataset/UCMerced_LandUse/images/sparseresidential/sparseresidential53.tif,18
/home/sda/dataset/UCMerced_LandUse/images/sparseresidential/sparseresidential89.tif,18
/home/sda/dataset/UCMerced_LandUse/images/sparseresidential/sparseresidential99.tif,18
/home/sda/dataset/UCMerced_LandUse/images/sparseresidential/sparseresidential77.tif,18
/home/sda/dataset/UCMerced_LandUse/images/sparseresidential/sparseresidential10.tif,5
/home/sda/dataset/UCMerced_LandUse/images/sparseresidential/sparseresidential56.tif,18
/home/sda/dataset/UCMerced_LandUse/images/sparseresidential/sparseresidential57.tif,18
/home/sda/dataset/UCMerced_LandUse/images/sparseresidential/sparseresidential47.tif,18
/home/sda/dataset/UCMerced_LandUse/images/sparseresidential/sparseresidential38.tif,18
/home/sda/dataset/UCMerced_LandUse/images/sparseresidential/sparseresidential09.tif,18
/home/sda/dataset/UCMerced_LandUse/images/sparseresidential/sparseresidential71.tif,18
/home/sda/dataset/UCMerced_LandUse/images/sparseresidential/sparseresidential87.tif,18
/home/sda/dataset/UCMerced_LandUse/images/sparseresidential/sparseresidential43.tif,18
/home/sda/dataset/UCMerced_LandUse/images/sparseresidential/sparseresidential13.tif,18
/home/sda/dataset/UCMerced_LandUse/images/sparseresidential/sparseresidential37.tif,18
/home/sda/dataset/UCMerced_LandUse/images/sparseresidential/sparseresidential54.tif,18
/home/sda/dataset/UCMerced_LandUse/images/sparseresidential/sparseresidential58.tif,18
/home/sda/dataset/UCMerced_LandUse/images/sparseresidential/sparseresidential45.tif,18
/home/sda/dataset/UCMerced_LandUse/images/sparseresidential/sparseresidential36.tif,18
/home/sda/dataset/UCMerced_LandUse/images/sparseresidential/sparseresidential90.tif,18
/home/sda/dataset/UCMerced_LandUse/images/sparseresidential/sparseresidential44.tif,18
/home/sda/dataset/UCMerced_LandUse/images/sparseresidential/sparseresidential61.tif,18
/home/sda/dataset/UCMerced_LandUse/images/sparseresidential/sparseresidential80.tif,2
/home/sda/dataset/UCMerced_LandUse/images/sparseresidential/sparseresidential82.tif,18
/home/sda/dataset/UCMerced_LandUse/images/storagetanks/storagetanks16.tif,19
/home/sda/dataset/UCMerced_LandUse/images/storagetanks/storagetanks77.tif,19
/home/sda/dataset/UCMerced_LandUse/images/storagetanks/storagetanks62.tif,19
/home/sda/dataset/UCMerced_LandUse/images/storagetanks/storagetanks99.tif,19
/home/sda/dataset/UCMerced_LandUse/images/storagetanks/storagetanks87.tif,19
/home/sda/dataset/UCMerced_LandUse/images/storagetanks/storagetanks86.tif,15
/home/sda/dataset/UCMerced_LandUse/images/storagetanks/storagetanks37.tif,19
/home/sda/dataset/UCMerced_LandUse/images/storagetanks/storagetanks36.tif,19
/home/sda/dataset/UCMerced_LandUse/images/storagetanks/storagetanks24.tif,19
/home/sda/dataset/UCMerced_LandUse/images/storagetanks/storagetanks83.tif,19
/home/sda/dataset/UCMerced_LandUse/images/storagetanks/storagetanks32.tif,14
/home/sda/dataset/UCMerced_LandUse/images/storagetanks/storagetanks48.tif,19
/home/sda/dataset/UCMerced_LandUse/images/storagetanks/storagetanks10.tif,19
/home/sda/dataset/UCMerced_LandUse/images/storagetanks/storagetanks22.tif,19
/home/sda/dataset/UCMerced_LandUse/images/storagetanks/storagetanks07.tif,19
/home/sda/dataset/UCMerced_LandUse/images/storagetanks/storagetanks79.tif,19
/home/sda/dataset/UCMerced_LandUse/images/storagetanks/storagetanks11.tif,19
/home/sda/dataset/UCMerced_LandUse/images/storagetanks/storagetanks52.tif,19
/home/sda/dataset/UCMerced_LandUse/images/storagetanks/storagetanks70.tif,19
/home/sda/dataset/UCMerced_LandUse/images/storagetanks/storagetanks05.tif,6
/home/sda/dataset/UCMerced_LandUse/images/storagetanks/storagetanks40.tif,19
/home/sda/dataset/UCMerced_LandUse/images/storagetanks/storagetanks28.tif,19
/home/sda/dataset/UCMerced_LandUse/images/storagetanks/storagetanks14.tif,19
/home/sda/dataset/UCMerced_LandUse/images/storagetanks/storagetanks25.tif,19
/home/sda/dataset/UCMerced_LandUse/images/storagetanks/storagetanks31.tif,19
/home/sda/dataset/UCMerced_LandUse/images/storagetanks/storagetanks96.tif,19
/home/sda/dataset/UCMerced_LandUse/images/storagetanks/storagetanks91.tif,19
/home/sda/dataset/UCMerced_LandUse/images/storagetanks/storagetanks82.tif,19
/home/sda/dataset/UCMerced_LandUse/images/storagetanks/storagetanks41.tif,19
/home/sda/dataset/UCMerced_LandUse/images/storagetanks/storagetanks18.tif,19
/home/sda/dataset/UCMerced_LandUse/images/storagetanks/storagetanks29.tif,19
/home/sda/dataset/UCMerced_LandUse/images/storagetanks/storagetanks71.tif,19
/home/sda/dataset/UCMerced_LandUse/images/storagetanks/storagetanks44.tif,19
/home/sda/dataset/UCMerced_LandUse/images/storagetanks/storagetanks78.tif,19
/home/sda/dataset/UCMerced_LandUse/images/storagetanks/storagetanks98.tif,19
/home/sda/dataset/UCMerced_LandUse/images/storagetanks/storagetanks68.tif,19
/home/sda/dataset/UCMerced_LandUse/images/storagetanks/storagetanks42.tif,19
/home/sda/dataset/UCMerced_LandUse/images/storagetanks/storagetanks50.tif,19
/home/sda/dataset/UCMerced_LandUse/images/storagetanks/storagetanks00.tif,0
/home/sda/dataset/UCMerced_LandUse/images/storagetanks/storagetanks80.tif,19
/home/sda/dataset/UCMerced_LandUse/images/storagetanks/storagetanks92.tif,19
/home/sda/dataset/UCMerced_LandUse/images/storagetanks/storagetanks35.tif,19
/home/sda/dataset/UCMerced_LandUse/images/storagetanks/storagetanks38.tif,19
/home/sda/dataset/UCMerced_LandUse/images/storagetanks/storagetanks65.tif,19
/home/sda/dataset/UCMerced_LandUse/images/storagetanks/storagetanks61.tif,19
/home/sda/dataset/UCMerced_LandUse/images/storagetanks/storagetanks56.tif,19
/home/sda/dataset/UCMerced_LandUse/images/storagetanks/storagetanks58.tif,19
/home/sda/dataset/UCMerced_LandUse/images/storagetanks/storagetanks08.tif,19
/home/sda/dataset/UCMerced_LandUse/images/storagetanks/storagetanks97.tif,19
/home/sda/dataset/UCMerced_LandUse/images/storagetanks/storagetanks75.tif,19
/home/sda/dataset/UCMerced_LandUse/images/storagetanks/storagetanks30.tif,19
/home/sda/dataset/UCMerced_LandUse/images/storagetanks/storagetanks94.tif,19
/home/sda/dataset/UCMerced_LandUse/images/storagetanks/storagetanks39.tif,19
/home/sda/dataset/UCMerced_LandUse/images/storagetanks/storagetanks59.tif,19
/home/sda/dataset/UCMerced_LandUse/images/storagetanks/storagetanks21.tif,15
/home/sda/dataset/UCMerced_LandUse/images/storagetanks/storagetanks27.tif,19
/home/sda/dataset/UCMerced_LandUse/images/storagetanks/storagetanks04.tif,19
/home/sda/dataset/UCMerced_LandUse/images/storagetanks/storagetanks19.tif,19
/home/sda/dataset/UCMerced_LandUse/images/storagetanks/storagetanks01.tif,17
/home/sda/dataset/UCMerced_LandUse/images/storagetanks/storagetanks90.tif,19
/home/sda/dataset/UCMerced_LandUse/images/storagetanks/storagetanks51.tif,19
/home/sda/dataset/UCMerced_LandUse/images/storagetanks/storagetanks15.tif,19
/home/sda/dataset/UCMerced_LandUse/images/storagetanks/storagetanks43.tif,19
/home/sda/dataset/UCMerced_LandUse/images/storagetanks/storagetanks95.tif,19
/home/sda/dataset/UCMerced_LandUse/images/tenniscourt/tenniscourt35.tif,20
/home/sda/dataset/UCMerced_LandUse/images/tenniscourt/tenniscourt90.tif,13
/home/sda/dataset/UCMerced_LandUse/images/tenniscourt/tenniscourt31.tif,20
/home/sda/dataset/UCMerced_LandUse/images/tenniscourt/tenniscourt98.tif,20
/home/sda/dataset/UCMerced_LandUse/images/tenniscourt/tenniscourt18.tif,20
/home/sda/dataset/UCMerced_LandUse/images/tenniscourt/tenniscourt50.tif,20
/home/sda/dataset/UCMerced_LandUse/images/tenniscourt/tenniscourt06.tif,20
/home/sda/dataset/UCMerced_LandUse/images/tenniscourt/tenniscourt54.tif,20
/home/sda/dataset/UCMerced_LandUse/images/tenniscourt/tenniscourt62.tif,20
/home/sda/dataset/UCMerced_LandUse/images/tenniscourt/tenniscourt38.tif,20
/home/sda/dataset/UCMerced_LandUse/images/tenniscourt/tenniscourt24.tif,20
/home/sda/dataset/UCMerced_LandUse/images/tenniscourt/tenniscourt78.tif,20
/home/sda/dataset/UCMerced_LandUse/images/tenniscourt/tenniscourt26.tif,20
/home/sda/dataset/UCMerced_LandUse/images/tenniscourt/tenniscourt75.tif,20
/home/sda/dataset/UCMerced_LandUse/images/tenniscourt/tenniscourt93.tif,20
/home/sda/dataset/UCMerced_LandUse/images/tenniscourt/tenniscourt39.tif,20
/home/sda/dataset/UCMerced_LandUse/images/tenniscourt/tenniscourt51.tif,20
/home/sda/dataset/UCMerced_LandUse/images/tenniscourt/tenniscourt82.tif,20
/home/sda/dataset/UCMerced_LandUse/images/tenniscourt/tenniscourt97.tif,20
/home/sda/dataset/UCMerced_LandUse/images/tenniscourt/tenniscourt92.tif,20
/home/sda/dataset/UCMerced_LandUse/images/tenniscourt/tenniscourt48.tif,20
/home/sda/dataset/UCMerced_LandUse/images/tenniscourt/tenniscourt91.tif,10
/home/sda/dataset/UCMerced_LandUse/images/tenniscourt/tenniscourt42.tif,3
/home/sda/dataset/UCMerced_LandUse/images/tenniscourt/tenniscourt17.tif,20
/home/sda/dataset/UCMerced_LandUse/images/tenniscourt/tenniscourt79.tif,20
/home/sda/dataset/UCMerced_LandUse/images/tenniscourt/tenniscourt13.tif,20
/home/sda/dataset/UCMerced_LandUse/images/tenniscourt/tenniscourt80.tif,20
/home/sda/dataset/UCMerced_LandUse/images/tenniscourt/tenniscourt34.tif,20
/home/sda/dataset/UCMerced_LandUse/images/tenniscourt/tenniscourt32.tif,20
/home/sda/dataset/UCMerced_LandUse/images/tenniscourt/tenniscourt01.tif,20
/home/sda/dataset/UCMerced_LandUse/images/tenniscourt/tenniscourt66.tif,20
/home/sda/dataset/UCMerced_LandUse/images/tenniscourt/tenniscourt53.tif,3
/home/sda/dataset/UCMerced_LandUse/images/tenniscourt/tenniscourt33.tif,20
/home/sda/dataset/UCMerced_LandUse/images/tenniscourt/tenniscourt28.tif,20
/home/sda/dataset/UCMerced_LandUse/images/tenniscourt/tenniscourt11.tif,19
/home/sda/dataset/UCMerced_LandUse/images/tenniscourt/tenniscourt12.tif,20
/home/sda/dataset/UCMerced_LandUse/images/tenniscourt/tenniscourt58.tif,20
/home/sda/dataset/UCMerced_LandUse/images/tenniscourt/tenniscourt05.tif,20
/home/sda/dataset/UCMerced_LandUse/images/tenniscourt/tenniscourt25.tif,20
/home/sda/dataset/UCMerced_LandUse/images/tenniscourt/tenniscourt21.tif,20
/home/sda/dataset/UCMerced_LandUse/images/tenniscourt/tenniscourt60.tif,20
/home/sda/dataset/UCMerced_LandUse/images/tenniscourt/tenniscourt49.tif,20
/home/sda/dataset/UCMerced_LandUse/images/tenniscourt/tenniscourt77.tif,20
/home/sda/dataset/UCMerced_LandUse/images/tenniscourt/tenniscourt40.tif,20
/home/sda/dataset/UCMerced_LandUse/images/tenniscourt/tenniscourt07.tif,20
/home/sda/dataset/UCMerced_LandUse/images/tenniscourt/tenniscourt71.tif,20
/home/sda/dataset/UCMerced_LandUse/images/tenniscourt/tenniscourt64.tif,20
/home/sda/dataset/UCMerced_LandUse/images/tenniscourt/tenniscourt15.tif,20
/home/sda/dataset/UCMerced_LandUse/images/tenniscourt/tenniscourt85.tif,20
/home/sda/dataset/UCMerced_LandUse/images/tenniscourt/tenniscourt19.tif,20
/home/sda/dataset/UCMerced_LandUse/images/tenniscourt/tenniscourt57.tif,12
/home/sda/dataset/UCMerced_LandUse/images/tenniscourt/tenniscourt68.tif,20
/home/sda/dataset/UCMerced_LandUse/images/tenniscourt/tenniscourt55.tif,20
/home/sda/dataset/UCMerced_LandUse/images/tenniscourt/tenniscourt37.tif,20
/home/sda/dataset/UCMerced_LandUse/images/tenniscourt/tenniscourt02.tif,20
/home/sda/dataset/UCMerced_LandUse/images/tenniscourt/tenniscourt69.tif,20
/home/sda/dataset/UCMerced_LandUse/images/tenniscourt/tenniscourt63.tif,20
/home/sda/dataset/UCMerced_LandUse/images/tenniscourt/tenniscourt04.tif,20
/home/sda/dataset/UCMerced_LandUse/images/tenniscourt/tenniscourt08.tif,20
/home/sda/dataset/UCMerced_LandUse/images/tenniscourt/tenniscourt29.tif,20
/home/sda/dataset/UCMerced_LandUse/images/tenniscourt/tenniscourt56.tif,20
/home/sda/dataset/UCMerced_LandUse/images/tenniscourt/tenniscourt83.tif,20
/home/sda/dataset/UCMerced_LandUse/images/tenniscourt/tenniscourt94.tif,20
/home/sda/dataset/UCMerced_LandUse/images/tenniscourt/tenniscourt43.tif,20
